product_account_key,onboarding_completed,activation_days,weekly_active_users,feature_adoption_rate,pages_published,forms_created,ecommerce_enabled,beta_feature_promised,beta_feature_category,last_product_event_date
 ACC-000001 ,TRUE,24,11,0.4595,9,5,FALSE,TRUE,Dynamic forms,2026-01-27
ACC-000002,TRUE,17,21,0.7989,19,10,FALSE,TRUE,CRM sync,2026-04-17
ACC-000003,TRUE,8,47,0.995,18,8,FALSE,FALSE,,2025-12-16
acc-000004,TRUE,17,10,0.688,17,6,FALSE,FALSE,,2026-07-12
ACC-000005,TRUE,12,28,0.5372,13,7,TRUE,FALSE,,2025-10-08
ACC-000006,TRUE,22,4,0.2858,9,6,FALSE,TRUE,Dynamic forms,2025-10-26
ACC 000007,TRUE,9,13,0.8849,25,12,FALSE,FALSE,,2026-01-24
ACC-000009,TRUE,15,29,0.8462,21,9,FALSE,FALSE,,2026-04-03
acc-000010,TRUE,25,18,0.734,15,10,FALSE,TRUE,Beta checkout,2025-12-26
ACC 000011,TRUE,17,30,0.8226,22,9,FALSE,FALSE,,2026-02-06
acc-000012,TRUE,21,17,0.6912,17,9,FALSE,TRUE,Advanced integrations,2026-01-22
ACC 000014,FALSE,42,13,0.25,7,5,FALSE,FALSE,,2025-10-16
 ACC-000015 ,TRUE,7,25,0.8893,11,8,FALSE,FALSE,,2025-12-03
ACC 000016,TRUE,16,22,0.6644,14,8,FALSE,FALSE,,2025-11-08
ACC 000018,TRUE,19,22,0.9184,15,16,TRUE,FALSE,,2026-01-31
ACC-000019,TRUE,10,10,0.359,6,6,FALSE,FALSE,,2025-07-26
 ACC-000020 ,TRUE,10,17,0.783,9,8,FALSE,FALSE,,2025-05-23
ACC-000021,TRUE,15,26,0.6763,15,2,FALSE,FALSE,,2025-07-08
acc-000022,TRUE,7,24,0.6299,16,10,TRUE,FALSE,,2025-10-05
 ACC-000023 ,TRUE,7,24,0.8779,18,8,FALSE,FALSE,,2025-12-10
ACC-000024,TRUE,9,36,0.9654,24,10,FALSE,FALSE,,2025-05-07
ACC 000025,TRUE,18,39,0.8042,15,12,TRUE,FALSE,,2025-12-10
acc-000026,TRUE,14,14,0.2514,0,5,FALSE,FALSE,,2025-11-17
acc-000028,TRUE,13,30,1,23,7,FALSE,FALSE,,2026-05-21
ACC-000029,TRUE,15,25,0.8816,14,9,FALSE,FALSE,,2025-11-07
ACC-000030,TRUE,6,23,0.8998,15,12,TRUE,FALSE,,2026-02-23
ACC 000031,TRUE,1,32,0.7453,16,10,TRUE,FALSE,,2026-04-04
 ACC-000033 ,TRUE,24,24,0.6536,15,6,FALSE,FALSE,,2026-04-16
acc-000034,TRUE,9,28,0.9304,24,4,TRUE,FALSE,,2026-02-21
ACC-000035,TRUE,29,25,0.6385,9,10,FALSE,FALSE,,2026-01-01
ACC 000036,TRUE,24,19,0.512,14,7,FALSE,TRUE,Beta checkout,2026-02-12
ACC 000037,TRUE,18,17,0.1642,4,3,FALSE,TRUE,CRM sync,2025-12-21
ACC 000038,TRUE,23,10,0.1174,3,0,TRUE,TRUE,Beta checkout,2026-02-01
ACC 000039,TRUE,26,1,0.3129,5,7,FALSE,FALSE,,2026-04-30
ACC-000040,TRUE,30,13,0.0647,7,0,TRUE,FALSE,,2026-04-11
 ACC-000041 ,TRUE,27,9,0.4286,15,5,TRUE,FALSE,,2025-11-06
 ACC-000042 ,TRUE,1,17,0.7431,19,10,FALSE,FALSE,,2025-11-04
ACC-000043,TRUE,25,23,0.5965,18,4,TRUE,FALSE,,2025-06-15
ACC 000045,TRUE,14,26,1,20,15,FALSE,FALSE,,2026-01-18
acc-000046,TRUE,12,26,0.8758,13,7,FALSE,FALSE,,2026-01-15
ACC 000047,TRUE,9,23,0.7997,17,14,FALSE,FALSE,,2026-03-20
ACC-000048,TRUE,10,18,0.8199,13,4,FALSE,FALSE,,2026-01-31
acc-000049,TRUE,11,12,0.3131,6,3,FALSE,TRUE,CRM sync,2025-09-24
acc-000050,TRUE,11,25,0.8187,15,9,FALSE,FALSE,,2025-03-26
ACC 000051,TRUE,9,17,0.614,12,9,FALSE,FALSE,,2025-03-20
ACC-000052,TRUE,21,10,0.7158,26,8,FALSE,FALSE,,2026-01-17
 ACC-000053 ,TRUE,16,39,0.9565,17,12,TRUE,FALSE,,2025-07-05
ACC-000054,FALSE,29,29,0.8235,20,8,FALSE,FALSE,,2025-08-29
 ACC-000055 ,TRUE,21,25,0.7839,7,10,TRUE,FALSE,,2026-04-11
 ACC-000056 ,TRUE,12,28,0.7074,23,4,FALSE,FALSE,,2025-09-27
ACC-000057,TRUE,20,8,0.4492,15,8,FALSE,TRUE,Dynamic forms,2025-08-21
ACC 000058,FALSE,44,0,0,0,0,TRUE,TRUE,CRM sync,2025-09-27
ACC-000059,TRUE,13,26,0.7285,17,9,TRUE,FALSE,,2025-07-18
ACC-000060,FALSE,30,36,1,23,12,FALSE,FALSE,,2025-05-02
acc-000061,TRUE,15,27,0.5739,13,6,FALSE,FALSE,,2026-02-19
ACC 000062,TRUE,17,15,0.6204,9,10,FALSE,FALSE,,2025-08-02
ACC 000065,TRUE,9,33,0.9334,24,9,TRUE,FALSE,,2025-12-01
ACC-000066,TRUE,19,13,0.3055,14,0,FALSE,TRUE,Beta checkout,2025-08-09
ACC-000067,TRUE,9,23,0.6552,11,12,FALSE,FALSE,,2026-06-17
 ACC-000068 ,TRUE,22,34,0.9584,20,9,FALSE,TRUE,Dynamic forms,2026-03-04
 ACC-000069 ,TRUE,20,2,0.1277,7,1,FALSE,FALSE,,2025-11-16
ACC-000070,TRUE,14,32,0.826,15,10,FALSE,FALSE,,2026-05-21
ACC 000071,TRUE,23,26,0.5526,7,2,FALSE,TRUE,CRM sync,2026-01-19
 ACC-000072 ,TRUE,22,16,0.6081,6,8,TRUE,TRUE,Beta checkout,2026-02-17
ACC-000073,TRUE,9,22,0.8363,21,4,FALSE,FALSE,,2026-03-24
acc-000074,TRUE,23,6,0.3468,8,4,FALSE,TRUE,CRM sync,2025-05-10
 ACC-000075 ,FALSE,22,12,0.4631,9,4,FALSE,TRUE,Beta checkout,2025-09-11
ACC-000076,TRUE,12,6,0.6087,16,14,FALSE,FALSE,,2026-03-13
acc-000077,TRUE,10,17,1,22,14,FALSE,FALSE,,2025-05-19
ACC-000078,TRUE,18,47,1,12,11,TRUE,FALSE,,2026-01-24
ACC 000079,TRUE,4,19,0.8651,15,8,FALSE,FALSE,,2025-07-25
ACC 000080,TRUE,3,17,0.6811,4,6,FALSE,FALSE,,2025-09-03
acc-000081,FALSE,26,12,0.2995,3,5,FALSE,FALSE,,2025-08-26
acc-000082,TRUE,12,22,0.7226,16,10,FALSE,FALSE,,2025-07-06
ACC 000083,TRUE,19,24,0.7286,9,8,FALSE,FALSE,,2025-11-03
ACC-000084,FALSE,46,27,0.7961,11,11,FALSE,TRUE,AI page builder,2025-08-30
ACC 000085,FALSE,32,24,0.5467,7,9,TRUE,FALSE,,2026-03-17
ACC 000089,TRUE,28,20,0.132,3,0,FALSE,TRUE,Dynamic forms,2025-08-01
ACC-000090,TRUE,16,33,0.8679,20,4,FALSE,FALSE,,2025-04-19
ACC-000091,TRUE,18,15,0.6238,14,9,FALSE,FALSE,,2025-08-08
acc-000092,FALSE,18,17,0.4462,10,9,FALSE,FALSE,,2026-04-26
ACC 000094,FALSE,33,5,0.2022,2,2,TRUE,FALSE,,2025-10-31
ACC-000096,TRUE,5,30,0.8755,17,12,FALSE,FALSE,,2026-04-11
 ACC-000097 ,TRUE,20,5,0.0976,3,4,FALSE,TRUE,CRM sync,2025-09-04
ACC-000098,TRUE,10,37,1,22,7,FALSE,FALSE,,2025-06-15
acc-000099,FALSE,42,14,0.5225,4,3,FALSE,TRUE,Beta checkout,2025-10-17
 ACC-000100 ,TRUE,11,23,0.8113,11,8,FALSE,FALSE,,2025-08-15
acc-000101,TRUE,4,27,0.5801,7,10,TRUE,FALSE,,2026-06-18
acc-000102,TRUE,7,24,0.9059,13,12,TRUE,FALSE,,2026-01-14
acc-000103,TRUE,14,29,0.9257,24,12,FALSE,FALSE,,2026-08-08
ACC-000104,TRUE,9,14,0.5392,15,6,FALSE,FALSE,,2025-12-17
acc-000105,TRUE,30,29,0.6854,14,4,FALSE,TRUE,Beta checkout,2025-06-16
acc-000106,FALSE,50,19,0.0862,3,5,FALSE,TRUE,Dynamic forms,2026-01-03
 ACC-000107 ,TRUE,8,19,0.6077,17,3,FALSE,FALSE,,2026-07-27
ACC-000108,TRUE,13,26,0.8822,18,9,TRUE,FALSE,,2026-08-08
ACC-000109,TRUE,19,10,0.2019,4,6,TRUE,TRUE,CRM sync,2025-05-05
acc-000110,TRUE,12,28,0.6926,13,9,FALSE,FALSE,,2026-05-09
ACC-000111,TRUE,17,30,0.5859,14,11,FALSE,FALSE,,2026-01-19
acc-000112,TRUE,30,20,0.2698,6,4,FALSE,FALSE,,2025-02-20
 ACC-000113 ,FALSE,55,0,0,1,2,FALSE,TRUE,AI page builder,2025-09-02
ACC-000114,TRUE,7,31,0.5352,7,7,TRUE,FALSE,,2026-01-16
 ACC-000115 ,TRUE,28,14,0.8534,14,17,FALSE,FALSE,,2026-07-03
ACC-000116,TRUE,17,23,0.7962,9,10,TRUE,FALSE,,2026-02-09
 ACC-000117 ,TRUE,27,13,0.4691,3,6,FALSE,FALSE,,2025-04-08
ACC-000118,TRUE,12,24,0.5188,13,5,FALSE,FALSE,,2025-08-02
acc-000119,TRUE,10,14,0.5587,8,8,FALSE,FALSE,,2025-12-30
ACC-000120,TRUE,21,19,0.7218,18,8,TRUE,TRUE,Dynamic forms,2026-04-24
ACC 000121,TRUE,22,31,0.8169,17,9,FALSE,FALSE,,2025-04-22
ACC-000122,FALSE,21,26,0.7718,15,13,TRUE,FALSE,,2025-10-22
 ACC-000123 ,TRUE,13,17,0.3077,4,9,FALSE,FALSE,,2025-12-28
ACC 000125,TRUE,5,29,0.6973,20,7,FALSE,FALSE,,2026-04-29
acc-000126,TRUE,21,19,0.412,10,4,TRUE,TRUE,CRM sync,2026-06-03
ACC 000127,FALSE,29,15,0.6161,6,3,FALSE,FALSE,,2025-10-18
ACC-000129,TRUE,10,29,0.3989,7,4,TRUE,FALSE,,2026-05-17
ACC-000130,TRUE,25,21,0.3719,12,2,FALSE,TRUE,Beta checkout,2026-02-10
ACC-000131,FALSE,23,19,0.8479,16,10,FALSE,FALSE,,2026-01-16
ACC-000132,TRUE,20,30,0.8667,25,15,FALSE,FALSE,,2025-11-12
ACC-000133,TRUE,11,25,0.7583,10,8,TRUE,FALSE,,2026-05-14
ACC-000134,TRUE,33,21,0.5035,10,8,TRUE,FALSE,,2025-12-31
 ACC-000135 ,TRUE,7,28,0.6316,9,6,FALSE,FALSE,,2026-05-05
ACC-000136,TRUE,7,13,0.6206,14,10,FALSE,FALSE,,2025-11-30
 ACC-000138 ,TRUE,41,6,0,3,0,FALSE,TRUE,Beta checkout,2025-09-06
acc-000139,TRUE,17,21,0.4935,10,5,TRUE,FALSE,,2025-10-17
ACC-000140,TRUE,20,30,0.8432,18,5,TRUE,FALSE,,2025-10-10
ACC-000141,TRUE,11,35,0.9475,18,9,FALSE,FALSE,,2025-08-21
 ACC-000142 ,TRUE,1,17,0.3691,3,5,FALSE,FALSE,,2026-04-12
 ACC-000143 ,TRUE,16,16,0.5929,7,13,FALSE,FALSE,,2025-11-22
ACC-000145,TRUE,7,22,0.9629,13,11,FALSE,FALSE,,2026-06-15
ACC 000146,FALSE,39,6,0.1678,3,5,TRUE,FALSE,,2026-02-11
 ACC-000147 ,TRUE,12,37,0.7211,12,2,FALSE,FALSE,,2026-01-08
ACC 000148,FALSE,52,0,0,0,0,FALSE,TRUE,Beta checkout,2025-08-01
acc-000149,TRUE,8,38,0.8888,21,11,FALSE,FALSE,,2026-04-04
 ACC-000150 ,TRUE,14,20,0.6078,24,5,FALSE,FALSE,,2025-12-24
ACC-000151,TRUE,17,0,0.3787,7,8,FALSE,FALSE,,2025-04-21
 ACC-000152 ,TRUE,19,25,0.3878,7,4,TRUE,FALSE,,2026-01-29
ACC-000153,FALSE,37,22,0.6083,14,5,FALSE,FALSE,,2026-08-16
ACC 000154,TRUE,18,24,0.5028,12,9,TRUE,TRUE,AI page builder,2026-07-07
ACC-000155,FALSE,45,18,0.3557,7,5,TRUE,TRUE,Advanced integrations,2025-07-25
 ACC-000156 ,TRUE,10,8,0,3,0,FALSE,FALSE,,2025-12-27
 ACC-000157 ,TRUE,1,18,0.5538,6,4,TRUE,FALSE,,2026-01-01
acc-000158,TRUE,5,19,0.6698,6,5,FALSE,FALSE,,2026-03-30
ACC-000159,TRUE,24,16,0.7447,11,8,TRUE,FALSE,,2025-07-18
ACC 000160,TRUE,26,13,0.5725,22,9,FALSE,FALSE,,2026-02-25
 ACC-000161 ,TRUE,6,22,0.767,5,7,FALSE,FALSE,,2025-11-23
ACC 000162,TRUE,3,15,0.7654,13,17,FALSE,FALSE,,2026-05-14
 ACC-000163 ,FALSE,33,17,0.5379,13,2,FALSE,TRUE,Advanced integrations,2026-04-30
ACC 000164,FALSE,30,20,0.5594,11,4,TRUE,FALSE,,2025-09-09
ACC 000165,TRUE,21,6,0.3776,7,7,FALSE,TRUE,Dynamic forms,2026-04-13
ACC 000166,TRUE,36,19,0.2081,6,0,TRUE,TRUE,AI page builder,2026-03-02
acc-000167,TRUE,13,31,0.8703,13,7,FALSE,FALSE,,2025-05-11
ACC 000168,TRUE,19,25,0.5486,11,6,TRUE,FALSE,,2025-11-28
ACC-000169,TRUE,31,17,0.2492,2,0,TRUE,FALSE,,2025-07-23
 ACC-000170 ,TRUE,9,23,0.6762,9,9,FALSE,FALSE,,2026-05-13
ACC 000171,TRUE,17,23,0.7878,13,15,FALSE,FALSE,,2025-07-21
ACC-000173,TRUE,25,25,0.5591,19,7,TRUE,TRUE,Dynamic forms,2025-11-26
ACC 000174,TRUE,7,25,0.6412,11,4,FALSE,FALSE,,2026-01-30
acc-000175,TRUE,26,28,0.4504,12,10,FALSE,TRUE,Advanced integrations,2025-06-24
ACC-000176,TRUE,11,25,0.8494,13,11,FALSE,FALSE,,2026-01-27
acc-000177,FALSE,31,21,0.7108,20,8,FALSE,FALSE,,2025-10-11
 ACC-000178 ,TRUE,4,28,0.8961,12,10,FALSE,FALSE,,2025-07-21
ACC 000179,TRUE,30,11,0.2288,9,0,FALSE,TRUE,Dynamic forms,2025-10-16
ACC-000180,TRUE,20,14,0.6077,12,5,FALSE,FALSE,,2026-01-10
 ACC-000181 ,TRUE,1,25,0.7183,16,5,FALSE,FALSE,,2026-01-30
acc-000183,TRUE,14,25,0.5862,11,13,TRUE,FALSE,,2026-04-06
ACC-000184,TRUE,30,5,0.0187,7,0,FALSE,TRUE,CRM sync,2026-01-20
ACC 000185,TRUE,6,32,0.8195,19,8,TRUE,FALSE,,2025-09-10
acc-000186,TRUE,11,28,0.6366,13,13,FALSE,FALSE,,2025-09-06
 ACC-000187 ,FALSE,32,19,0.6418,12,6,FALSE,FALSE,,2025-08-05
ACC-000188,FALSE,44,2,0,6,2,TRUE,TRUE,Dynamic forms,2026-03-30
acc-000189,TRUE,33,3,0.1875,3,3,FALSE,FALSE,,2025-12-06
ACC-000190,TRUE,16,13,0.6046,20,2,TRUE,FALSE,,2025-12-30
ACC-000191,FALSE,29,20,0.6525,13,2,FALSE,FALSE,,2026-05-17
acc-000192,TRUE,8,24,0.6345,17,12,FALSE,FALSE,,2025-06-03
acc-000193,TRUE,12,17,0.563,17,8,TRUE,FALSE,,2025-10-25
ACC 000194,TRUE,19,12,0.672,18,7,FALSE,TRUE,CRM sync,2025-10-29
acc-000195,FALSE,39,19,0.5932,18,8,FALSE,FALSE,,2026-04-23
ACC 000196,TRUE,12,35,0.9073,23,6,TRUE,FALSE,,2026-01-01
acc-000197,TRUE,1,21,0.6179,8,9,TRUE,FALSE,,2025-11-17
ACC-000198,FALSE,30,17,0.5991,7,8,FALSE,FALSE,,2026-06-24
ACC-000199,TRUE,14,19,0.6116,12,6,FALSE,FALSE,,2026-04-20
ACC-000200,TRUE,17,20,0.5083,8,5,FALSE,FALSE,,2025-03-24
ACC 000201,FALSE,29,23,0.6171,6,6,FALSE,FALSE,,2025-12-04
 ACC-000202 ,TRUE,27,22,0.3084,5,4,TRUE,FALSE,,2025-11-14
ACC 000203,TRUE,34,9,0.3981,5,4,FALSE,TRUE,Beta checkout,2025-07-17
acc-000204,TRUE,17,26,1,30,13,TRUE,FALSE,,2026-04-09
 ACC-000205 ,TRUE,36,11,0.3129,3,6,FALSE,FALSE,,2025-12-16
ACC-000206,TRUE,23,3,0,0,2,TRUE,TRUE,Advanced integrations,2025-11-16
ACC-000207,TRUE,32,0,0,4,5,FALSE,TRUE,Dynamic forms,2026-03-09
acc-000208,TRUE,17,25,0.8204,27,10,TRUE,FALSE,,2025-07-28
ACC-000209,TRUE,10,36,1,20,9,FALSE,FALSE,,2025-06-20
 ACC-000210 ,TRUE,18,23,1,19,9,TRUE,FALSE,,2026-07-11
acc-000211,TRUE,12,26,0.5387,0,9,FALSE,FALSE,,2025-10-13
ACC-000212,FALSE,43,5,0,4,0,TRUE,TRUE,AI page builder,2026-01-26
acc-000213,TRUE,17,21,0.6684,16,13,FALSE,FALSE,,2025-11-10
acc-000214,TRUE,16,28,0.8569,13,10,FALSE,FALSE,,2025-10-25
ACC 000215,TRUE,13,32,0.8284,20,10,TRUE,FALSE,,2025-12-30
 ACC-000216 ,TRUE,5,18,0.6343,16,5,FALSE,FALSE,,2025-05-19
ACC-000217,TRUE,20,13,0.4127,11,10,FALSE,TRUE,Beta checkout,2025-09-01
 ACC-000218 ,TRUE,7,28,0.8734,21,14,FALSE,FALSE,,2025-03-22
acc-000219,TRUE,14,23,0.6033,9,7,FALSE,FALSE,,2026-06-20
ACC 000220,FALSE,15,33,0.7643,15,7,FALSE,FALSE,,2025-09-18
ACC 000221,FALSE,36,0,0.0682,7,0,FALSE,TRUE,Beta checkout,2025-07-19
acc-000222,TRUE,13,31,0.9876,19,13,FALSE,FALSE,,2025-12-15
ACC-000223,TRUE,20,26,0.7259,16,9,FALSE,FALSE,,2026-06-22
ACC-000225,TRUE,19,18,0.6747,16,6,FALSE,FALSE,,2025-07-18
ACC-000226,TRUE,26,0,0,0,0,FALSE,TRUE,CRM sync,2025-08-09
ACC 000227,FALSE,37,4,0.2356,8,0,FALSE,TRUE,AI page builder,2026-04-13
ACC-000228,TRUE,27,17,0.2526,10,3,FALSE,FALSE,,2025-11-04
ACC-000229,TRUE,32,16,0.3338,7,3,FALSE,FALSE,,2025-11-30
ACC-000230,TRUE,12,33,0.6874,10,8,FALSE,FALSE,,2026-01-27
ACC-000231,TRUE,29,13,0.6797,15,5,FALSE,FALSE,,2025-06-10
 ACC-000232 ,TRUE,22,18,0.8045,15,8,FALSE,FALSE,,2025-09-04
 ACC-000233 ,TRUE,13,23,0.7885,19,2,TRUE,FALSE,,2025-09-26
acc-000234,TRUE,18,11,0.6627,12,9,TRUE,FALSE,,2026-05-30
acc-000235,FALSE,26,8,0.3213,8,3,FALSE,TRUE,Advanced integrations,2025-10-21
ACC-000236,TRUE,34,9,0.277,8,2,FALSE,TRUE,AI page builder,2025-12-21
ACC-000237,TRUE,11,31,0.7536,14,3,FALSE,FALSE,,2025-09-01
ACC-000238,TRUE,10,16,0.8907,14,12,FALSE,FALSE,,2025-08-12
acc-000240,FALSE,25,26,0.8063,16,13,TRUE,FALSE,,2026-03-14
ACC-000241,TRUE,4,22,0.5191,10,9,FALSE,FALSE,,2026-05-05
acc-000242,TRUE,15,18,0.5423,12,5,FALSE,TRUE,Dynamic forms,2025-10-17
ACC 000243,TRUE,16,25,0.7214,10,11,FALSE,FALSE,,2026-02-19
acc-000244,TRUE,6,18,0.7537,10,11,FALSE,FALSE,,2025-05-23
ACC 000245,TRUE,1,27,0.6152,14,5,FALSE,FALSE,,2026-05-17
 ACC-000246 ,TRUE,14,23,0.7772,12,8,FALSE,FALSE,,2026-03-22
ACC-000247,TRUE,15,15,0.7745,12,9,FALSE,FALSE,,2025-11-23
 ACC-000248 ,TRUE,1,12,0.6727,10,8,FALSE,FALSE,,2025-10-23
ACC 000249,TRUE,1,20,0.9367,11,9,FALSE,FALSE,,2026-06-04
ACC 000250,FALSE,29,7,0.4519,11,5,TRUE,TRUE,AI page builder,2026-01-21
ACC 000251,TRUE,22,26,0.8826,16,9,FALSE,FALSE,,2026-01-02
ACC-000252,TRUE,16,18,0.5792,5,8,TRUE,FALSE,,2026-01-06
acc-000253,TRUE,16,10,0.4208,7,4,TRUE,TRUE,Advanced integrations,2025-12-03
ACC-000254,FALSE,25,31,0.9829,14,7,FALSE,FALSE,,2025-07-23
ACC-000255,FALSE,35,13,0.3728,13,5,FALSE,FALSE,,2025-05-14
acc-000256,FALSE,35,13,0.4084,9,0,FALSE,FALSE,,2026-03-09
acc-000257,FALSE,20,31,0.9034,19,12,FALSE,FALSE,,2025-08-26
ACC-000258,TRUE,24,2,0.0107,6,0,FALSE,FALSE,,2025-06-28
 ACC-000259 ,TRUE,14,18,0.7421,14,4,FALSE,FALSE,,2026-03-13
ACC 000260,TRUE,13,17,0.5798,19,1,FALSE,TRUE,CRM sync,2025-11-17
ACC-000261,TRUE,12,21,0.6372,11,6,FALSE,FALSE,,2026-01-04
acc-000262,TRUE,7,33,0.9506,17,10,FALSE,FALSE,,2026-04-11
ACC-000263,TRUE,16,32,0.8743,14,9,FALSE,FALSE,,2025-09-05
ACC 000264,TRUE,13,8,0.054,0,5,FALSE,FALSE,,2025-12-14
acc-000265,TRUE,30,16,0.4182,5,6,FALSE,FALSE,,2025-12-22
 ACC-000266 ,TRUE,3,20,0.4613,8,8,FALSE,FALSE,,2026-02-24
 ACC-000267 ,TRUE,16,34,0.8771,16,4,TRUE,FALSE,,2025-11-10
acc-000268,TRUE,16,39,1,26,8,FALSE,FALSE,,2025-03-23
 ACC-000269 ,TRUE,32,9,0.2237,7,1,FALSE,TRUE,AI page builder,2025-08-19
ACC-000270,TRUE,8,20,0.7196,10,3,FALSE,FALSE,,2026-04-24
ACC-000271,TRUE,19,13,0.4925,7,3,TRUE,FALSE,,2026-06-26
 ACC-000272 ,FALSE,22,19,0.9198,22,15,FALSE,FALSE,,2025-08-06
ACC 000273,TRUE,39,4,0.3507,10,1,FALSE,FALSE,,2025-09-08
acc-000274,TRUE,14,48,0.8601,11,3,FALSE,FALSE,,2026-08-31
ACC 000275,TRUE,19,20,0.5148,12,4,TRUE,TRUE,Beta checkout,2025-07-16
ACC-000276,TRUE,13,8,0.4569,2,3,FALSE,FALSE,,2025-10-17
ACC-000277,FALSE,27,28,0.769,14,7,FALSE,FALSE,,2025-06-14
ACC-000279,FALSE,48,13,0.3064,5,2,FALSE,FALSE,,2026-01-13
ACC-000280,TRUE,10,34,0.7997,15,10,TRUE,FALSE,,2025-12-11
ACC 000282,TRUE,10,28,0.7652,18,9,FALSE,FALSE,,2026-02-18
acc-000283,TRUE,16,21,0.5896,9,4,FALSE,FALSE,,2026-02-09
ACC 000284,TRUE,21,21,0.3167,5,7,FALSE,FALSE,,2026-02-08
 ACC-000285 ,TRUE,36,3,0,2,8,TRUE,TRUE,AI page builder,2025-07-26
ACC 000286,TRUE,30,15,0.5281,6,10,FALSE,TRUE,CRM sync,2025-03-23
ACC-000287,TRUE,18,19,0.6894,9,7,FALSE,FALSE,,2025-12-13
ACC-000288,TRUE,4,11,0.5996,11,6,FALSE,FALSE,,2025-10-27
 ACC-000289 ,TRUE,20,14,0.5906,12,6,FALSE,FALSE,,2025-10-02
ACC 000290,TRUE,14,27,0.8098,17,7,FALSE,FALSE,,2025-09-14
acc-000291,TRUE,12,13,0.4774,1,1,FALSE,FALSE,,2026-03-09
ACC-000292,FALSE,39,9,0.1412,9,6,FALSE,FALSE,,2025-10-16
ACC-000293,FALSE,33,15,0.4951,12,8,FALSE,FALSE,,2025-10-24
acc-000294,TRUE,10,17,0.6336,12,5,FALSE,FALSE,,2025-11-02
 ACC-000296 ,TRUE,11,25,0.63,13,11,FALSE,FALSE,,2025-02-08
ACC 000297,TRUE,19,0,0.0522,4,0,FALSE,TRUE,Dynamic forms,2025-07-18
acc-000298,TRUE,13,37,1,20,16,FALSE,FALSE,,2026-03-03
ACC-000299,TRUE,14,29,0.7143,14,6,FALSE,FALSE,,2026-03-31
ACC-000300,FALSE,34,5,0,4,0,TRUE,TRUE,Beta checkout,2025-07-12
ACC 000301,TRUE,10,9,0.6525,13,2,FALSE,FALSE,,2026-06-15
 ACC-000302 ,TRUE,3,24,0.985,21,12,TRUE,FALSE,,2025-09-06
ACC 000303,TRUE,13,35,0.629,18,10,TRUE,FALSE,,2026-08-08
 ACC-000304 ,FALSE,30,29,0.7201,18,5,TRUE,FALSE,,2026-01-29
ACC 000305,TRUE,17,15,0.5421,17,4,FALSE,TRUE,Advanced integrations,2026-03-25
 ACC-000306 ,FALSE,40,26,0.5162,13,6,FALSE,FALSE,,2025-11-29
acc-000308,TRUE,14,8,0.3434,14,5,FALSE,TRUE,CRM sync,2025-10-01
ACC-000309,TRUE,21,26,0.5207,0,6,TRUE,FALSE,,2025-11-08
 ACC-000310 ,TRUE,13,17,0.7895,18,10,FALSE,FALSE,,2025-12-02
ACC 000311,TRUE,16,29,0.6498,8,7,TRUE,FALSE,,2025-04-12
ACC-000313,TRUE,1,23,0.5023,7,0,FALSE,FALSE,,2025-09-10
acc-000314,TRUE,9,32,0.6654,10,6,FALSE,FALSE,,2025-08-16
acc-000315,TRUE,25,16,0.8358,20,7,TRUE,FALSE,,2025-11-02
ACC-000316,FALSE,48,2,0,2,3,TRUE,TRUE,Dynamic forms,2026-03-30
ACC 000317,TRUE,12,24,0.7314,13,10,TRUE,FALSE,,2025-07-25
ACC 000318,TRUE,19,9,0.5334,11,7,FALSE,FALSE,,2025-11-27
ACC 000319,TRUE,20,25,0.6487,16,7,FALSE,FALSE,,2025-10-06
ACC-000320,TRUE,18,21,1,21,8,FALSE,FALSE,,2025-06-14
ACC-000321,TRUE,11,32,0.7214,7,6,FALSE,FALSE,,2026-01-22
ACC 000322,TRUE,5,17,0.818,15,11,TRUE,FALSE,,2025-11-16
ACC-000323,TRUE,17,18,0.5105,12,2,TRUE,FALSE,,2025-10-01
 ACC-000324 ,TRUE,11,21,0.612,19,7,FALSE,FALSE,,2025-05-06
ACC-000325,TRUE,26,16,0.3707,12,3,FALSE,TRUE,Advanced integrations,2026-04-07
ACC-000326,TRUE,33,13,0.5584,10,11,FALSE,TRUE,Advanced integrations,2025-10-18
ACC 000327,TRUE,17,20,0.8986,14,12,FALSE,FALSE,,2025-12-15
ACC 000328,TRUE,16,19,0.7764,17,11,FALSE,FALSE,,2026-06-30
ACC-000330,TRUE,12,15,0.5854,20,7,FALSE,FALSE,,2026-02-19
ACC-000331,TRUE,8,15,0.5488,14,0,FALSE,FALSE,,2025-07-19
acc-000332,TRUE,21,30,0.873,24,12,TRUE,FALSE,,2025-12-21
ACC 000333,TRUE,24,10,0.4521,14,6,FALSE,TRUE,Advanced integrations,2025-11-16
ACC-000334,FALSE,51,3,0,1,5,FALSE,TRUE,Advanced integrations,2025-09-09
 ACC-000335 ,TRUE,11,17,0.5989,7,10,TRUE,FALSE,,2025-08-06
ACC-000336,TRUE,16,11,0.6784,16,10,TRUE,FALSE,,2025-08-01
 ACC-000337 ,FALSE,56,0,0.1486,1,2,FALSE,TRUE,Advanced integrations,2025-12-25
 ACC-000338 ,TRUE,6,27,0.8231,22,8,FALSE,FALSE,,2025-10-21
ACC-000339,TRUE,21,4,0.3678,13,7,FALSE,TRUE,Beta checkout,2026-04-18
ACC 000340,TRUE,35,17,0.4728,14,7,FALSE,TRUE,CRM sync,2025-03-25
ACC-000341,TRUE,12,26,0.6172,8,13,TRUE,FALSE,,2026-02-15
ACC-000343,TRUE,22,19,0.4439,7,8,FALSE,TRUE,Advanced integrations,2026-01-01
ACC 000344,TRUE,15,26,0.9639,12,9,FALSE,FALSE,,2025-05-25
 ACC-000345 ,TRUE,6,20,0.5911,14,5,FALSE,TRUE,AI page builder,2025-11-20
 ACC-000346 ,TRUE,12,24,0.6418,9,13,FALSE,FALSE,,2025-12-29
acc-000347,TRUE,16,11,0.2391,4,0,FALSE,FALSE,,2025-08-27
 ACC-000348 ,TRUE,6,30,0.8873,12,11,TRUE,FALSE,,2026-01-07
ACC 000349,TRUE,12,26,0.6138,11,10,FALSE,FALSE,,2025-10-02
ACC 000350,TRUE,2,27,0.9135,17,5,FALSE,FALSE,,2026-03-12
ACC-000352,TRUE,4,37,0.7963,19,8,TRUE,FALSE,,2026-01-03
acc-000353,TRUE,12,18,0.7431,18,12,FALSE,FALSE,,2025-06-27
ACC 000354,TRUE,22,0,0.2014,5,4,TRUE,TRUE,Advanced integrations,2026-02-06
ACC-000355,TRUE,22,13,0.1938,2,9,TRUE,TRUE,Beta checkout,2025-12-14
ACC-000356,TRUE,11,12,0.5184,17,8,FALSE,FALSE,,2025-12-21
ACC 000357,FALSE,37,15,0.5216,5,5,FALSE,FALSE,,2026-05-01
ACC-000358,TRUE,13,30,0.5866,8,6,FALSE,FALSE,,2025-10-08
 ACC-000359 ,FALSE,44,13,0.5059,12,7,FALSE,TRUE,Beta checkout,2025-12-24
ACC-000360,TRUE,28,12,0.4878,17,0,FALSE,TRUE,CRM sync,2025-12-15
 ACC-000361 ,TRUE,7,20,0.6721,13,7,TRUE,FALSE,,2025-09-16
acc-000362,FALSE,38,19,0.6148,14,6,FALSE,TRUE,Beta checkout,2026-01-30
 ACC-000363 ,TRUE,14,36,0.9266,16,12,TRUE,FALSE,,2025-11-24
ACC-000365,TRUE,12,15,0.614,12,7,FALSE,FALSE,,2025-08-18
ACC 000366,TRUE,23,33,1,21,15,FALSE,TRUE,AI page builder,2025-04-20
acc-000368,TRUE,18,19,0.7113,17,9,TRUE,FALSE,,2025-05-16
ACC 000369,TRUE,1,16,0.734,14,8,FALSE,FALSE,,2026-01-02
 ACC-000370 ,TRUE,8,27,0.7342,6,9,FALSE,FALSE,,2026-07-17
 ACC-000371 ,TRUE,11,26,0.9244,21,7,FALSE,FALSE,,2026-01-20
ACC-000372,FALSE,33,10,0.3335,11,2,FALSE,FALSE,,2025-08-20
ACC 000374,TRUE,21,28,0.7538,15,4,FALSE,FALSE,,2026-04-24
acc-000375,FALSE,48,4,0.2142,0,2,FALSE,FALSE,,2026-02-07
ACC 000376,TRUE,16,29,0.7563,12,12,TRUE,FALSE,,2025-07-22
ACC-000377,TRUE,15,22,0.5203,9,8,FALSE,FALSE,,2025-07-22
ACC 000378,FALSE,43,12,0.2694,6,7,FALSE,FALSE,,2026-02-03
 ACC-000379 ,TRUE,5,26,1,16,15,TRUE,FALSE,,2025-10-11
 ACC-000380 ,TRUE,4,13,0.5772,12,5,TRUE,FALSE,,2025-04-09
ACC 000381,TRUE,12,30,0.6311,16,9,FALSE,FALSE,,2025-10-01
 ACC-000382 ,TRUE,17,15,0.6961,16,5,FALSE,FALSE,,2025-11-22
ACC 000383,FALSE,39,0,0.1863,5,1,TRUE,FALSE,,2026-02-17
acc-000384,TRUE,12,23,0.9567,18,9,TRUE,FALSE,,2026-04-04
acc-000385,TRUE,9,9,0.6708,6,3,FALSE,FALSE,,2025-10-08
acc-000386,TRUE,13,14,0.422,11,4,FALSE,TRUE,Advanced integrations,2026-04-23
ACC-000387,TRUE,13,16,0.3628,10,0,FALSE,FALSE,,2026-07-12
acc-000388,TRUE,21,25,0.8015,13,9,FALSE,FALSE,,2025-04-10
ACC 000389,FALSE,18,15,0.6399,5,3,FALSE,FALSE,,2026-06-09
 ACC-000390 ,TRUE,18,9,0.8363,17,7,FALSE,FALSE,,2026-04-02
ACC 000391,FALSE,30,16,0.4421,11,2,FALSE,TRUE,Advanced integrations,2025-04-15
ACC-000392,TRUE,17,1,0.2596,13,5,FALSE,FALSE,,2025-12-06
 ACC-000393 ,TRUE,8,21,0.9258,17,7,TRUE,FALSE,,2025-09-12
acc-000394,TRUE,17,27,0.9398,23,5,FALSE,FALSE,,2026-07-18
 ACC-000395 ,TRUE,17,28,0.6717,10,6,TRUE,FALSE,,2025-10-09
 ACC-000396 ,TRUE,17,20,0.6353,13,9,FALSE,TRUE,Advanced integrations,2025-07-31
acc-000397,TRUE,11,18,0.5896,14,10,FALSE,TRUE,Dynamic forms,2025-08-12
ACC-000398,TRUE,15,33,0.5574,3,5,FALSE,FALSE,,2026-04-09
acc-000400,TRUE,27,27,0.69,12,9,TRUE,TRUE,Beta checkout,2025-09-30
ACC-000401,TRUE,4,27,0.7464,13,9,FALSE,FALSE,,2026-03-22
ACC-000402,TRUE,28,22,0.8992,12,11,FALSE,FALSE,,2025-10-16
ACC 000403,TRUE,15,36,0.8739,14,6,FALSE,FALSE,,2025-08-18
 ACC-000404 ,TRUE,14,11,0.2578,6,0,FALSE,TRUE,Advanced integrations,2026-05-08
 ACC-000405 ,TRUE,7,20,0.8299,13,6,FALSE,FALSE,,2026-04-21
ACC-000406,TRUE,13,38,0.8146,19,10,FALSE,FALSE,,2025-09-27
ACC-000407,TRUE,15,23,0.8373,17,5,FALSE,FALSE,,2026-07-14
ACC 000408,FALSE,28,26,0.7543,18,10,TRUE,FALSE,,2025-06-29
ACC-000409,TRUE,19,27,0.7372,15,4,FALSE,FALSE,,2025-07-29
ACC-000410,TRUE,1,16,0.5692,15,4,FALSE,FALSE,,2025-10-21
ACC-000411,FALSE,37,13,0.2482,10,13,TRUE,TRUE,Beta checkout,2025-09-16
ACC-000412,TRUE,35,17,0.2806,7,0,FALSE,TRUE,Dynamic forms,2026-03-25
 ACC-000413 ,TRUE,1,12,0.6852,14,3,TRUE,FALSE,,2025-08-10
ACC 000414,TRUE,12,32,1,22,12,FALSE,FALSE,,2026-02-13
 ACC-000415 ,FALSE,42,16,0.3954,11,4,FALSE,TRUE,AI page builder,2025-06-11
 ACC-000416 ,TRUE,20,6,0.2248,6,0,FALSE,FALSE,,2026-06-02
acc-000417,TRUE,15,18,0.6755,12,12,TRUE,FALSE,,2025-06-05
ACC 000418,TRUE,23,18,0.7216,13,7,TRUE,FALSE,,2025-08-11
ACC-000419,TRUE,17,16,0.5024,6,7,FALSE,TRUE,Beta checkout,2025-09-08
 ACC-000420 ,TRUE,19,20,0.6436,5,11,FALSE,FALSE,,2026-02-03
ACC-000421,FALSE,49,1,0.212,8,5,FALSE,FALSE,,2026-02-06
ACC-000422,FALSE,34,38,0.6748,18,7,FALSE,FALSE,,2026-01-04
ACC 000423,TRUE,29,2,0.3208,11,6,FALSE,TRUE,CRM sync,2025-12-10
ACC 000424,TRUE,15,21,0.4691,7,8,FALSE,FALSE,,2025-08-20
ACC-000425,TRUE,23,28,0.6883,19,6,TRUE,FALSE,,2026-09-04
ACC-000426,FALSE,36,7,0.0483,0,3,TRUE,TRUE,Dynamic forms,2025-06-16
acc-000427,TRUE,11,30,0.7316,21,11,TRUE,FALSE,,2025-07-26
ACC-000428,TRUE,22,30,0.7586,15,7,FALSE,FALSE,,2026-01-15
ACC-000429,TRUE,22,9,0.4271,13,4,FALSE,FALSE,,2026-01-15
acc-000430,TRUE,10,32,0.5893,7,7,FALSE,FALSE,,2025-12-07
ACC 000431,TRUE,6,33,0.6211,8,3,TRUE,FALSE,,2025-06-11
 ACC-000432 ,TRUE,18,19,0.6022,13,0,TRUE,TRUE,Beta checkout,2025-01-24
ACC 000433,TRUE,5,16,0.5358,7,8,FALSE,FALSE,,2025-12-10
ACC-000434,TRUE,20,11,0.2496,6,0,FALSE,FALSE,,2025-05-13
ACC-000435,FALSE,24,28,0.9918,19,15,FALSE,FALSE,,2025-12-13
acc-000436,TRUE,7,34,0.5821,18,5,FALSE,FALSE,,2025-07-04
ACC 000437,TRUE,16,19,0.7178,12,12,FALSE,FALSE,,2025-11-29
ACC-000438,TRUE,6,25,0.6237,16,7,TRUE,FALSE,,2026-01-01
ACC-000440,FALSE,29,7,0.7773,19,12,FALSE,FALSE,,2026-05-20
ACC-000441,TRUE,15,29,0.9357,14,7,FALSE,FALSE,,2026-02-24
ACC 000442,TRUE,19,21,0.7696,11,5,FALSE,FALSE,,2025-09-04
ACC-000443,TRUE,18,22,0.5925,10,10,FALSE,FALSE,,2026-01-28
 ACC-000444 ,TRUE,20,15,0.5651,9,8,FALSE,FALSE,,2026-04-22
ACC 000445,TRUE,23,12,0.3996,8,4,FALSE,FALSE,,2026-04-03
acc-000446,TRUE,11,4,0.1995,6,4,FALSE,FALSE,,2026-01-19
ACC-000447,FALSE,35,21,0.3738,9,2,TRUE,FALSE,,2025-07-27
ACC-000448,TRUE,11,23,0.5707,8,11,TRUE,FALSE,,2025-09-25
ACC-000449,TRUE,20,25,0.6878,17,4,FALSE,FALSE,,2025-05-31
ACC-000450,FALSE,38,24,0.7883,21,10,FALSE,FALSE,,2025-04-15
ACC-000453,TRUE,14,18,0.5758,12,8,FALSE,FALSE,,2025-09-08
ACC-000454,TRUE,12,18,0.3843,17,6,FALSE,TRUE,Dynamic forms,2025-12-08
ACC-000455,TRUE,20,18,0.8295,16,10,FALSE,FALSE,,2025-11-20
acc-000456,TRUE,6,31,1,12,8,FALSE,FALSE,,2026-02-06
ACC-000457,TRUE,15,19,0.8105,19,11,TRUE,FALSE,,2026-03-09
ACC-000458,TRUE,8,20,0.5606,5,6,FALSE,FALSE,,2025-12-16
 ACC-000459 ,TRUE,3,19,0.7292,15,3,FALSE,FALSE,,2025-04-19
ACC-000460,TRUE,13,28,0.9012,20,3,FALSE,FALSE,,2026-03-06
 ACC-000461 ,TRUE,10,11,0.6318,9,16,FALSE,FALSE,,2026-07-20
ACC 000462,TRUE,19,25,0.9449,23,13,FALSE,FALSE,,2025-08-11
acc-000463,FALSE,33,0,0,2,0,FALSE,TRUE,Dynamic forms,2025-06-02
 ACC-000464 ,TRUE,6,20,0.6837,21,9,FALSE,FALSE,,2026-02-18
 ACC-000465 ,TRUE,1,31,0.7657,18,7,FALSE,FALSE,,2026-02-16
 ACC-000466 ,TRUE,28,0,0.2432,7,9,FALSE,TRUE,Beta checkout,2025-08-28
ACC 000467,TRUE,15,26,0.652,9,10,FALSE,FALSE,,2026-01-12
 ACC-000468 ,TRUE,15,28,0.6546,17,6,FALSE,FALSE,,2025-10-26
acc-000469,TRUE,11,22,0.7289,23,8,FALSE,FALSE,,2026-03-26
ACC-000470,FALSE,29,14,0.2324,9,5,FALSE,TRUE,Beta checkout,2025-10-08
ACC-000471,TRUE,16,28,0.891,13,12,FALSE,FALSE,,2025-12-24
 ACC-000473 ,TRUE,9,12,0.5674,17,9,TRUE,FALSE,,2026-02-25
ACC 000474,TRUE,39,11,0.2044,4,6,FALSE,TRUE,Dynamic forms,2026-04-06
ACC-000475,TRUE,9,27,0.9903,20,2,TRUE,FALSE,,2026-04-26
ACC 000476,TRUE,9,10,0.4308,8,6,FALSE,FALSE,,2025-09-21
ACC 000477,TRUE,9,24,0.8209,15,9,TRUE,FALSE,,2026-05-09
acc-000478,TRUE,23,23,0.3949,8,8,FALSE,FALSE,,2025-08-06
ACC-000479,TRUE,16,12,0.1524,11,4,TRUE,TRUE,CRM sync,2025-10-01
 ACC-000480 ,TRUE,19,26,0.9363,12,9,FALSE,FALSE,,2026-06-27
ACC-000481,TRUE,21,30,0.844,14,16,FALSE,FALSE,,2026-06-27
 ACC-000482 ,TRUE,7,1,0.2683,11,9,FALSE,TRUE,Advanced integrations,2025-11-29
 ACC-000483 ,TRUE,10,25,0.5991,10,5,FALSE,FALSE,,2025-11-21
ACC-000484,TRUE,20,35,1,18,8,FALSE,FALSE,,2025-12-10
ACC 000486,TRUE,8,23,1,21,10,FALSE,FALSE,,2025-11-27
ACC-000487,FALSE,38,17,0.6682,19,12,TRUE,FALSE,,2025-10-18
ACC-000488,TRUE,18,16,0.6093,4,6,FALSE,FALSE,,2025-09-22
acc-000489,TRUE,5,20,0.6118,18,16,FALSE,FALSE,,2025-09-21
ACC-000490,FALSE,36,20,0.9291,15,7,FALSE,FALSE,,2026-02-11
ACC-000492,TRUE,1,18,0.7745,11,9,FALSE,FALSE,,2025-09-17
ACC-000494,TRUE,7,16,0.4867,13,5,TRUE,FALSE,,2025-10-14
ACC-000495,FALSE,29,5,0.4937,5,6,FALSE,FALSE,,2025-06-01
ACC-000496,TRUE,17,8,0.3985,5,1,FALSE,FALSE,,2025-12-10
ACC-000497,TRUE,25,31,0.3801,12,2,FALSE,TRUE,AI page builder,2025-12-15
ACC 000498,TRUE,13,38,0.9327,15,11,FALSE,FALSE,,2026-03-17
ACC-000499,TRUE,25,15,0.2316,11,1,TRUE,TRUE,Beta checkout,2025-04-29
ACC-000500,TRUE,4,6,0.3944,9,5,TRUE,FALSE,,2025-10-13
ACC-000501,TRUE,17,22,0.5998,11,8,TRUE,FALSE,,2026-01-17
acc-000502,TRUE,15,16,0.6353,7,8,FALSE,FALSE,,2025-10-08
ACC 000503,TRUE,17,33,0.856,19,12,TRUE,FALSE,,2025-11-24
ACC 000504,FALSE,46,21,0.6559,15,6,FALSE,TRUE,Dynamic forms,2025-09-18
ACC-000506,TRUE,14,16,0.8198,10,12,FALSE,FALSE,,2026-06-29
ACC-000507,FALSE,37,0,0.1925,8,4,FALSE,TRUE,Beta checkout,2025-04-21
 ACC-000508 ,TRUE,22,31,0.8035,11,6,FALSE,FALSE,,2025-09-17
ACC-000509,TRUE,22,0,0.2321,10,7,FALSE,FALSE,,2025-11-19
 ACC-000510 ,TRUE,10,30,0.7768,11,5,FALSE,FALSE,,2026-04-30
ACC 000511,TRUE,12,29,0.8056,19,11,FALSE,FALSE,,2025-10-28
ACC-000512,TRUE,13,21,0.6576,11,11,TRUE,FALSE,,2025-07-29
ACC 000513,TRUE,14,25,1,16,12,FALSE,FALSE,,2025-11-11
ACC 000514,TRUE,23,25,0.4469,15,4,FALSE,TRUE,Beta checkout,2026-02-12
 ACC-000516 ,TRUE,18,14,0.4132,10,1,FALSE,FALSE,,2025-10-01
ACC-000517,TRUE,1,18,0.5849,18,6,FALSE,FALSE,,2025-12-11
ACC 000518,TRUE,9,29,0.6422,11,8,TRUE,FALSE,,2025-05-02
ACC-000519,TRUE,26,15,0.4352,9,8,FALSE,TRUE,Dynamic forms,2025-07-25
ACC 000520,FALSE,47,7,0.2119,0,4,FALSE,TRUE,AI page builder,2025-09-24
ACC 000521,TRUE,21,29,0.9853,16,11,FALSE,FALSE,,2026-05-17
ACC-000522,TRUE,23,0,0.0829,1,5,FALSE,FALSE,,2025-07-12
ACC-000523,TRUE,7,31,0.9011,19,7,FALSE,FALSE,,2025-09-16
ACC 000524,TRUE,9,16,0.7646,17,9,FALSE,FALSE,,2025-08-13
ACC-000525,FALSE,14,27,0.897,18,12,FALSE,FALSE,,2026-05-01
 ACC-000526 ,TRUE,18,2,0.239,6,1,TRUE,FALSE,,2025-08-18
ACC-000527,TRUE,9,29,0.5973,6,5,TRUE,FALSE,,2026-01-17
ACC-000528,TRUE,13,22,0.68,12,10,FALSE,FALSE,,2025-08-28
acc-000529,TRUE,21,17,0.2786,4,5,FALSE,TRUE,AI page builder,2026-01-20
acc-000530,FALSE,23,18,0.5614,12,2,TRUE,TRUE,Advanced integrations,2026-08-21
ACC 000531,TRUE,10,23,0.6406,17,6,TRUE,FALSE,,2025-01-25
 ACC-000532 ,TRUE,11,17,0.2461,6,0,FALSE,TRUE,CRM sync,2026-01-05
 ACC-000533 ,FALSE,42,4,0.3432,8,5,TRUE,FALSE,,2025-08-03
ACC-000534,TRUE,19,39,0.9161,9,8,TRUE,FALSE,,2026-02-03
acc-000535,TRUE,7,26,0.6946,11,6,FALSE,FALSE,,2025-08-22
 ACC-000536 ,TRUE,21,16,0.4669,7,3,TRUE,TRUE,Dynamic forms,2025-08-20
ACC-000537,TRUE,2,41,1,16,14,FALSE,FALSE,,2025-09-19
 ACC-000538 ,TRUE,25,22,0.42,9,4,FALSE,TRUE,CRM sync,2026-02-15
ACC 000539,FALSE,44,21,0.1031,1,3,FALSE,TRUE,Dynamic forms,2026-07-24
ACC-000540,TRUE,13,4,0.1916,3,2,FALSE,TRUE,CRM sync,2026-06-20
ACC 000542,TRUE,19,11,0.6367,17,13,FALSE,FALSE,,2025-08-02
acc-000543,TRUE,14,22,1,17,10,FALSE,FALSE,,2026-03-02
acc-000545,TRUE,16,37,0.7267,15,8,FALSE,FALSE,,2025-04-06
acc-000546,TRUE,10,36,0.6431,11,4,FALSE,FALSE,,2025-07-25
ACC 000547,TRUE,12,10,0.7695,17,12,FALSE,FALSE,,2025-09-23
acc-000548,TRUE,22,12,0.3321,10,2,FALSE,FALSE,,2026-02-22
ACC-000549,TRUE,20,10,0.2879,11,8,FALSE,TRUE,CRM sync,2025-12-29
ACC 000550,TRUE,1,20,0.765,11,6,FALSE,FALSE,,2025-12-06
ACC 000551,TRUE,6,32,0.7383,14,7,FALSE,FALSE,,2025-05-01
ACC-000552,TRUE,12,2,0.72,14,5,FALSE,FALSE,,2025-12-15
ACC-000553,TRUE,26,15,0.3992,7,7,FALSE,TRUE,Advanced integrations,2025-03-28
ACC-000554,TRUE,20,24,0.949,16,13,FALSE,FALSE,,2025-09-18
ACC-000555,TRUE,12,23,0.7818,16,10,FALSE,FALSE,,2025-10-24
 ACC-000556 ,TRUE,33,6,0.3252,6,3,TRUE,FALSE,,2025-09-23
acc-000557,TRUE,15,16,0.5764,14,3,FALSE,FALSE,,2026-05-12
ACC-000558,TRUE,1,17,0.4207,16,9,FALSE,FALSE,,2026-01-26
acc-000559,TRUE,7,27,0.6823,5,15,FALSE,FALSE,,2025-12-31
acc-000560,FALSE,29,18,0.5243,12,3,FALSE,TRUE,CRM sync,2025-12-31
ACC 000561,TRUE,6,30,1,21,13,FALSE,FALSE,,2026-06-16
ACC-000562,TRUE,11,14,0.7758,15,9,FALSE,FALSE,,2025-07-31
ACC-000563,TRUE,14,33,1,21,14,TRUE,FALSE,,2025-10-11
ACC-000564,TRUE,10,25,0.5883,14,10,FALSE,FALSE,,2025-11-05
ACC-000566,TRUE,7,28,0.533,19,7,TRUE,FALSE,,2026-05-22
acc-000567,FALSE,31,27,0.6636,13,4,TRUE,FALSE,,2026-02-02
ACC-000568,TRUE,18,7,0.6175,13,3,TRUE,FALSE,,2025-06-26
ACC 000569,FALSE,41,24,0.3192,8,3,FALSE,FALSE,,2026-04-01
ACC 000570,TRUE,19,28,0.8144,14,7,FALSE,FALSE,,2026-04-14
ACC 000571,TRUE,16,24,0.8749,13,6,FALSE,FALSE,,2025-07-01
 ACC-000572 ,TRUE,19,27,0.6577,20,8,TRUE,FALSE,,2025-03-30
ACC-000573,TRUE,19,24,0.7533,18,8,FALSE,FALSE,,2025-05-16
ACC-000574,TRUE,10,30,1,20,13,FALSE,FALSE,,2025-09-28
 ACC-000575 ,TRUE,20,14,0.1917,10,5,FALSE,FALSE,,2025-04-20
ACC 000576,TRUE,12,14,0.6628,13,4,FALSE,FALSE,,2026-01-12
acc-000577,TRUE,29,0,0.241,13,0,FALSE,TRUE,Dynamic forms,2026-07-14
ACC-000578,TRUE,14,16,0.6595,9,9,TRUE,FALSE,,2025-06-27
ACC-000579,TRUE,12,24,0.7456,22,9,FALSE,FALSE,,2025-10-28
 ACC-000580 ,TRUE,14,19,0.5985,8,5,TRUE,FALSE,,2025-07-01
ACC-000583,TRUE,12,22,1,26,11,FALSE,FALSE,,2025-07-28
 ACC-000584 ,TRUE,17,25,0.5419,14,10,TRUE,FALSE,,2026-02-10
 ACC-000585 ,TRUE,31,17,0.3011,7,7,TRUE,FALSE,,2025-02-18
 ACC-000586 ,TRUE,9,11,0.4648,7,5,FALSE,FALSE,,2025-10-07
 ACC-000587 ,TRUE,16,16,0.7081,13,4,FALSE,FALSE,,2026-04-25
ACC-000588,TRUE,3,24,0.664,15,8,TRUE,FALSE,,2026-06-24
 ACC-000590 ,TRUE,20,4,0.3816,4,7,FALSE,TRUE,Beta checkout,2025-09-20
 ACC-000591 ,TRUE,1,22,0.5326,14,7,FALSE,FALSE,,2025-09-16
acc-000593,TRUE,19,16,0.1418,5,6,FALSE,TRUE,,2026-06-10
ACC 000594,TRUE,16,23,0.7266,11,9,TRUE,FALSE,,2026-02-11
ACC-000595,TRUE,23,30,0.7616,17,7,FALSE,FALSE,,2026-06-17
 ACC-000596 ,TRUE,12,26,0.8022,11,11,FALSE,FALSE,,2025-04-09
acc-000597,TRUE,4,11,0.3679,10,2,FALSE,FALSE,,2025-05-28
ACC-000598,TRUE,13,20,0.7376,17,6,FALSE,FALSE,,2025-06-17
acc-000599,FALSE,33,6,0.2867,6,1,FALSE,FALSE,,2025-07-11
ACC-000600,FALSE,43,13,0.3732,12,3,FALSE,TRUE,Beta checkout,2026-06-13
acc-000601,TRUE,1,40,1,20,16,TRUE,FALSE,,2026-02-09
ACC-000602,TRUE,21,20,0.5373,18,2,TRUE,TRUE,Beta checkout,2025-08-22
ACC-000603,TRUE,14,27,0.6476,12,8,TRUE,FALSE,,2025-05-25
ACC 000604,TRUE,9,22,0.6086,19,10,FALSE,FALSE,,2025-12-01
acc-000605,FALSE,34,0,0,0,0,FALSE,FALSE,,2025-07-23
 ACC-000606 ,TRUE,12,13,0.6789,12,7,FALSE,FALSE,,2026-04-04
acc-000607,FALSE,30,19,0.4522,11,4,TRUE,FALSE,,2026-02-19
ACC-000608,TRUE,15,29,0.8418,24,8,TRUE,FALSE,,2026-03-30
ACC-000609,TRUE,12,24,0.7023,17,9,TRUE,FALSE,,2026-03-25
ACC 000610,TRUE,14,20,0.3848,6,3,FALSE,TRUE,,2026-03-14
 ACC-000611 ,TRUE,21,28,0.7469,11,14,FALSE,TRUE,Dynamic forms,2026-08-02
acc-000612,TRUE,25,25,0.5552,12,6,FALSE,TRUE,CRM sync,2025-07-22
 ACC-000613 ,TRUE,12,32,0.7773,11,15,TRUE,FALSE,,2025-12-12
ACC 000614,TRUE,5,28,0.7349,16,2,FALSE,FALSE,,2025-09-11
ACC-000615,TRUE,18,25,1,15,9,FALSE,FALSE,,2026-05-15
acc-000616,FALSE,44,14,0,0,1,TRUE,TRUE,Dynamic forms,2025-07-16
ACC 000617,TRUE,6,34,1,12,8,FALSE,FALSE,,2026-06-13
ACC 000619,TRUE,7,19,0.485,4,2,FALSE,FALSE,,2025-11-17
ACC-000620,FALSE,59,22,0.3178,10,9,FALSE,TRUE,Dynamic forms,2025-11-11
 ACC-000621 ,TRUE,25,9,0.4265,6,5,FALSE,TRUE,Beta checkout,2025-11-20
ACC 000622,FALSE,40,3,0.2249,11,4,TRUE,TRUE,AI page builder,2025-09-30
ACC-000623,TRUE,1,31,0.8229,7,10,TRUE,FALSE,,2025-11-04
ACC-000625,TRUE,20,3,0.4463,14,6,FALSE,TRUE,Dynamic forms,2025-10-12
ACC-000626,TRUE,15,34,0.8176,22,5,FALSE,FALSE,,2025-11-29
ACC-000627,TRUE,31,27,0.8881,13,15,FALSE,TRUE,Beta checkout,2025-07-20
ACC-000628,TRUE,17,13,0.2684,7,8,FALSE,FALSE,,2025-07-23
 ACC-000629 ,TRUE,16,28,0.7532,17,11,FALSE,FALSE,,2025-10-24
ACC 000630,TRUE,32,5,0.2226,3,4,FALSE,TRUE,Advanced integrations,2025-04-04
ACC-000631,TRUE,15,20,0.689,9,7,FALSE,FALSE,,2025-06-30
ACC-000632,TRUE,29,17,0.6054,16,8,FALSE,TRUE,Dynamic forms,2026-01-30
ACC-000633,FALSE,49,15,0.2138,2,5,FALSE,TRUE,Beta checkout,2026-03-16
ACC-000634,FALSE,28,21,0.6497,13,11,TRUE,FALSE,,2025-11-22
ACC-000635,FALSE,40,9,0.4986,7,3,TRUE,TRUE,CRM sync,2026-04-05
acc-000636,FALSE,34,13,0.6054,9,11,FALSE,TRUE,Dynamic forms,2025-10-13
 ACC-000637 ,TRUE,16,18,0.9091,21,14,FALSE,FALSE,,2026-06-01
acc-000638,TRUE,27,12,0.0689,2,0,FALSE,TRUE,CRM sync,2026-02-20
acc-000639,TRUE,20,30,0.6741,12,7,TRUE,FALSE,,2025-05-27
ACC-000640,TRUE,4,8,0.6596,23,8,FALSE,FALSE,,2026-01-14
ACC 000641,TRUE,21,27,0.7509,11,11,FALSE,FALSE,,2025-09-06
ACC-000642,TRUE,15,32,0.5538,20,10,FALSE,TRUE,CRM sync,2026-07-22
acc-000643,TRUE,28,3,0,1,7,TRUE,TRUE,Advanced integrations,2025-08-04
ACC 000644,FALSE,21,30,0.7082,16,4,TRUE,FALSE,,2025-09-07
ACC-000645,TRUE,6,22,0.7953,13,2,FALSE,FALSE,,2026-03-29
ACC 000646,TRUE,8,35,0.8646,20,6,FALSE,FALSE,,2026-07-03
acc-000647,TRUE,26,10,0.4027,10,2,FALSE,TRUE,AI page builder,2025-09-23
ACC-000648,TRUE,10,18,1,17,12,FALSE,FALSE,,2025-10-18
ACC-000649,TRUE,7,32,0.8655,22,9,TRUE,FALSE,,2025-10-04
ACC-000650,TRUE,15,29,0.8048,8,11,FALSE,FALSE,,2026-04-21
ACC-000651,TRUE,12,17,0.4023,3,12,TRUE,FALSE,,2025-10-27
acc-000652,TRUE,7,31,0.9262,13,6,FALSE,FALSE,,2026-03-28
 ACC-000653 ,FALSE,38,12,0.3806,8,6,FALSE,FALSE,,2025-10-24
ACC-000654,TRUE,17,15,0.477,8,10,FALSE,FALSE,,2025-07-07
acc-000655,TRUE,2,34,1,17,11,FALSE,FALSE,,2025-12-16
acc-000656,TRUE,29,21,0.5764,13,11,FALSE,TRUE,Dynamic forms,2025-05-29
acc-000657,TRUE,16,25,0.8243,20,6,FALSE,FALSE,,2025-07-20
 ACC-000659 ,TRUE,7,22,0.9261,24,9,FALSE,FALSE,,2025-09-20
ACC-000660,TRUE,9,19,0.7276,22,7,FALSE,FALSE,,2025-06-06
ACC 000661,TRUE,13,25,0.526,10,3,FALSE,FALSE,,2025-12-30
ACC-000662,TRUE,13,20,0.8502,15,13,FALSE,TRUE,Dynamic forms,2026-04-04
acc-000663,TRUE,6,29,0.8808,14,9,TRUE,FALSE,,2025-11-23
ACC-000664,TRUE,11,15,0.7455,23,9,FALSE,FALSE,,2025-06-08
ACC-000665,TRUE,13,17,0.6761,18,7,FALSE,FALSE,,2025-08-09
acc-000667,TRUE,4,37,0.9656,20,10,FALSE,FALSE,,2026-06-29
ACC 000668,TRUE,15,30,0.4946,12,4,TRUE,FALSE,,2025-12-19
ACC-000670,FALSE,32,8,0.5519,16,7,FALSE,FALSE,,2025-11-26
ACC-000671,TRUE,6,27,0.9007,21,9,TRUE,FALSE,,2026-03-13
ACC-000672,FALSE,30,32,0.6609,11,3,TRUE,FALSE,,2025-08-24
ACC 000673,TRUE,9,29,0.8454,19,5,FALSE,FALSE,,2025-06-22
acc-000674,FALSE,40,0,0.1118,0,0,FALSE,TRUE,AI page builder,2026-03-14
ACC-000675,TRUE,10,9,0.9122,16,5,FALSE,FALSE,,2026-02-27
ACC-000676,TRUE,20,26,0.7593,10,9,FALSE,TRUE,Beta checkout,2026-03-27
ACC-000677,TRUE,18,28,0.6495,4,8,FALSE,TRUE,Beta checkout,2026-07-04
ACC 000678,TRUE,10,19,0.8246,14,16,FALSE,FALSE,,2026-04-14
ACC-000679,FALSE,34,14,0.3549,5,0,TRUE,FALSE,,2026-05-16
ACC-000680,TRUE,17,27,0.7523,15,6,FALSE,FALSE,,2026-05-14
ACC 000682,TRUE,13,29,0.7537,17,10,FALSE,FALSE,,2025-07-23
ACC-000683,FALSE,37,19,0.4185,12,10,FALSE,FALSE,,2025-09-24
 ACC-000684 ,TRUE,4,28,0.7467,12,8,FALSE,FALSE,,2026-02-11
ACC 000685,TRUE,29,15,0.7007,17,9,FALSE,TRUE,Beta checkout,2025-12-05
acc-000686,FALSE,24,17,0.5844,9,5,FALSE,TRUE,CRM sync,2026-01-27
ACC-000687,TRUE,13,24,0.8311,17,9,FALSE,FALSE,,2026-03-29
acc-000688,TRUE,15,39,0.8983,14,11,TRUE,FALSE,,2025-12-15
ACC 000689,TRUE,24,16,0.3872,10,8,TRUE,FALSE,,2026-08-20
ACC-000690,FALSE,21,18,0.8852,23,5,FALSE,FALSE,,2025-03-06
 ACC-000692 ,TRUE,14,28,0.6513,8,11,FALSE,FALSE,,2026-05-10
ACC 000693,TRUE,12,26,0.9908,17,8,FALSE,FALSE,,2026-03-14
ACC-000694,TRUE,15,25,0.5774,7,6,FALSE,FALSE,,2025-11-12
ACC-000695,TRUE,14,18,0.6706,15,4,FALSE,FALSE,,2025-11-13
ACC-000696,TRUE,29,35,0.5562,5,10,FALSE,FALSE,,2026-01-28
ACC 000697,TRUE,11,27,0.8281,13,1,TRUE,FALSE,,2026-04-26
ACC 000698,TRUE,15,20,0.7677,14,8,FALSE,FALSE,,2025-09-05
acc-000699,FALSE,48,3,0.2437,6,4,TRUE,FALSE,,2025-11-18
ACC-000701,TRUE,13,8,0.8187,20,10,FALSE,FALSE,,2025-03-03
ACC 000702,TRUE,9,24,0.6327,11,6,FALSE,FALSE,,2025-09-04
ACC 000704,TRUE,24,11,0.2271,13,3,FALSE,FALSE,,2025-06-24
ACC-000705,TRUE,22,33,0.3034,8,5,FALSE,FALSE,,2025-09-14
ACC-000706,TRUE,11,8,0.3775,9,0,TRUE,FALSE,,2026-07-01
acc-000707,FALSE,39,18,0.3258,2,0,TRUE,FALSE,,2025-11-02
ACC-000708,TRUE,20,14,0.653,10,5,FALSE,FALSE,,2025-04-17
ACC 000709,TRUE,22,21,0.8741,18,13,FALSE,FALSE,,2026-04-06
ACC 000710,TRUE,10,31,0.8161,17,5,FALSE,FALSE,,2026-03-24
ACC 000712,TRUE,10,17,0.8885,15,4,TRUE,FALSE,,2025-10-28
 ACC-000713 ,TRUE,25,22,0.7848,14,7,FALSE,FALSE,,2026-01-09
ACC-000714,TRUE,15,22,0.4972,9,9,FALSE,FALSE,,2025-11-14
acc-000715,TRUE,16,15,0.5593,21,5,FALSE,FALSE,,2026-03-15
ACC-000716,TRUE,23,24,0.5978,7,4,FALSE,FALSE,,2025-09-08
acc-000717,TRUE,17,36,0.682,12,4,TRUE,FALSE,,2026-08-22
ACC 000718,TRUE,18,25,0.598,4,8,FALSE,FALSE,,2025-09-23
acc-000719,TRUE,17,24,0.6717,14,10,FALSE,FALSE,,2026-02-26
ACC-000720,TRUE,9,20,0.853,18,14,FALSE,FALSE,,2025-12-19
ACC-000721,TRUE,17,34,0.9523,18,13,FALSE,FALSE,,2025-11-20
acc-000722,FALSE,27,4,0.3393,8,9,FALSE,TRUE,Advanced integrations,2025-12-14
ACC-000723,TRUE,11,30,0.4946,13,6,TRUE,FALSE,,2025-07-01
ACC 000724,TRUE,23,26,0.7613,14,7,FALSE,FALSE,,2026-03-14
ACC-000726,TRUE,18,10,0.1569,8,2,FALSE,TRUE,Beta checkout,2026-05-14
 ACC-000727 ,TRUE,13,29,0.9236,16,11,FALSE,FALSE,,2026-03-15
 ACC-000728 ,TRUE,13,12,0.606,14,12,TRUE,TRUE,CRM sync,2025-09-21
 ACC-000729 ,TRUE,29,34,0.9822,18,7,FALSE,TRUE,,2026-03-14
 ACC-000730 ,FALSE,18,23,0.6639,14,6,TRUE,FALSE,,2025-07-12
ACC-000731,TRUE,13,24,0.4582,17,5,TRUE,FALSE,,2025-12-13
 ACC-000732 ,TRUE,16,18,0.1783,12,5,TRUE,TRUE,AI page builder,2026-02-16
ACC 000733,TRUE,10,25,0.5354,3,0,TRUE,FALSE,,2026-02-05
 ACC-000734 ,TRUE,17,22,0.7017,10,5,FALSE,TRUE,Beta checkout,2026-04-18
ACC-000735,FALSE,33,7,0,1,1,FALSE,FALSE,,2025-12-18
 ACC-000736 ,FALSE,27,25,0.6779,10,8,FALSE,FALSE,,2026-03-18
 ACC-000737 ,TRUE,22,30,0.7334,13,7,FALSE,FALSE,,2025-11-20
ACC-000738,TRUE,28,29,0.7126,15,5,FALSE,FALSE,,2025-10-12
ACC 000739,TRUE,5,30,0.7399,16,8,FALSE,FALSE,,2025-05-04
 ACC-000740 ,TRUE,7,14,0.562,1,7,FALSE,FALSE,,2025-12-04
ACC-000741,TRUE,25,24,0.8232,14,10,TRUE,FALSE,,2025-08-28
ACC 000742,TRUE,16,39,0.8633,15,7,FALSE,FALSE,,2026-01-07
ACC-000743,FALSE,25,12,0.6624,13,3,FALSE,FALSE,,2026-03-12
 ACC-000745 ,TRUE,3,10,0.4893,11,9,FALSE,FALSE,,2025-04-11
 ACC-000746 ,TRUE,14,13,0.3343,13,1,FALSE,FALSE,,2026-05-06
ACC-000747,FALSE,38,17,0.3357,2,6,TRUE,FALSE,,2025-11-28
ACC-000748,TRUE,20,27,0.7085,10,8,TRUE,FALSE,,2025-08-23
ACC-000749,TRUE,12,27,1,13,12,FALSE,FALSE,,2026-01-03
ACC-000750,TRUE,28,26,0.5582,12,4,FALSE,FALSE,,2025-04-19
ACC-000751,TRUE,28,17,0.5596,12,6,TRUE,TRUE,CRM sync,2025-10-27
ACC-000752,FALSE,19,11,0.6057,16,8,TRUE,FALSE,,2026-02-08
ACC-000753,TRUE,24,19,0.4074,12,4,TRUE,FALSE,,2026-02-22
ACC-000754,TRUE,24,17,0.3091,7,3,FALSE,FALSE,,2025-12-12
 ACC-000755 ,FALSE,36,15,0.2662,7,5,FALSE,TRUE,Dynamic forms,2026-02-13
acc-000756,TRUE,3,19,0.7329,19,11,FALSE,FALSE,,2026-03-18
acc-000757,TRUE,11,20,0.8133,11,8,FALSE,FALSE,,2025-12-02
ACC-000758,TRUE,13,12,0.3813,12,5,TRUE,FALSE,,2026-03-26
ACC-000759,TRUE,8,23,0.8687,9,8,FALSE,FALSE,,2026-02-06
ACC-000760,FALSE,14,42,0.8742,22,10,FALSE,FALSE,,2026-05-10
ACC-000761,FALSE,48,0,0.1122,0,9,FALSE,TRUE,Dynamic forms,2025-07-18
ACC 000762,FALSE,28,24,0.7121,9,5,FALSE,FALSE,,2026-01-26
 ACC-000763 ,FALSE,45,9,0.4307,5,7,FALSE,FALSE,,2025-08-25
ACC-000764,TRUE,11,12,0.337,5,0,FALSE,FALSE,,2025-09-26
ACC-000765,FALSE,31,31,0.5179,18,7,FALSE,FALSE,,2025-08-25
ACC-000766,TRUE,1,26,0.8018,19,6,FALSE,FALSE,,2026-03-02
ACC-000767,FALSE,42,11,0.3051,9,1,FALSE,TRUE,Advanced integrations,2026-01-31
ACC-000768,TRUE,31,4,0.3117,9,8,FALSE,TRUE,AI page builder,2026-03-19
ACC-000769,TRUE,23,24,0.4097,12,8,TRUE,FALSE,,2026-08-01
ACC-000770,TRUE,18,30,0.8263,18,6,FALSE,FALSE,,2025-08-20
ACC 000771,FALSE,43,1,0.2026,6,0,FALSE,FALSE,,2026-02-21
ACC-000772,FALSE,36,22,0.3223,5,4,FALSE,FALSE,,2025-08-01
ACC-000773,TRUE,22,32,0.8152,24,11,TRUE,FALSE,,2026-03-29
acc-000774,TRUE,16,9,0.3662,8,5,TRUE,FALSE,,2025-09-14
ACC-000775,TRUE,11,28,0.8658,23,8,TRUE,FALSE,,2026-05-21
ACC 000776,TRUE,5,35,0.6959,6,11,FALSE,FALSE,,2026-05-13
acc-000777,TRUE,21,28,0.6206,7,16,FALSE,TRUE,CRM sync,2025-05-31
ACC 000778,TRUE,16,19,0.5651,16,8,FALSE,FALSE,,2026-01-04
ACC-000779,TRUE,11,16,0.4528,14,5,TRUE,FALSE,,2025-09-09
ACC-000780,TRUE,14,24,0.5767,5,6,FALSE,FALSE,,2025-08-07
ACC 000781,TRUE,14,23,0.8007,15,6,TRUE,FALSE,,2025-06-05
ACC 000782,TRUE,23,13,0.4295,5,2,FALSE,TRUE,Dynamic forms,2026-04-18
ACC-000783,TRUE,16,15,0.4381,15,7,TRUE,FALSE,,2026-01-20
ACC-000784,TRUE,23,6,0.4932,1,9,FALSE,TRUE,AI page builder,2025-10-24
acc-000785,TRUE,11,14,0.2793,10,4,FALSE,FALSE,,2025-10-23
acc-000787,TRUE,33,25,0.7302,7,14,TRUE,TRUE,CRM sync,2026-02-12
ACC 000788,TRUE,10,26,0.9051,20,0,TRUE,FALSE,,2026-05-24
ACC 000789,TRUE,23,0,0.1132,6,3,FALSE,TRUE,Advanced integrations,2026-06-15
ACC 000790,FALSE,51,6,0.296,10,2,FALSE,TRUE,Advanced integrations,2026-05-13
ACC-000791,TRUE,17,29,0.6858,2,2,TRUE,FALSE,,2025-11-20
ACC-000792,TRUE,19,18,0.486,7,9,TRUE,FALSE,,2025-09-12
 ACC-000793 ,FALSE,43,0,0.1918,3,4,FALSE,TRUE,Beta checkout,2026-02-26
ACC 000794,TRUE,18,11,0.6028,12,8,FALSE,FALSE,,2025-06-19
ACC-000795,TRUE,27,16,0.0489,6,1,FALSE,FALSE,,2026-04-25
acc-000796,TRUE,30,26,0.5202,16,11,TRUE,TRUE,CRM sync,2026-06-10
ACC-000797,TRUE,8,18,0.4273,10,1,TRUE,FALSE,,2026-01-07
ACC 000799,TRUE,20,24,0.8208,14,2,FALSE,FALSE,,2026-06-02
 ACC-000800 ,TRUE,18,15,0.2419,7,1,TRUE,FALSE,,2025-09-02
ACC-000802,FALSE,14,16,0.4493,0,4,FALSE,FALSE,,2026-02-02
ACC-000804,TRUE,17,25,1,17,7,TRUE,FALSE,,2026-02-10
ACC-000805,TRUE,10,14,0.6777,2,11,TRUE,FALSE,,2025-10-02
ACC 000806,FALSE,28,25,0.9296,21,8,FALSE,FALSE,,2026-03-24
ACC 000807,TRUE,17,23,0.5088,14,7,TRUE,FALSE,,2025-12-18
ACC 000808,TRUE,1,20,0.6889,16,9,FALSE,FALSE,,2025-11-15
ACC-000809,TRUE,16,31,0.902,18,15,FALSE,FALSE,,2025-12-05
ACC 000810,TRUE,5,13,0.6353,8,8,FALSE,FALSE,,2025-11-23
ACC-000811,TRUE,17,32,0.9326,18,14,FALSE,FALSE,,2025-11-14
 ACC-000812 ,TRUE,8,32,0.8028,13,12,FALSE,FALSE,,2025-03-31
ACC-000813,TRUE,12,29,0.7989,14,8,TRUE,FALSE,,2025-12-20
ACC-000814,TRUE,5,21,0.5722,8,5,FALSE,FALSE,,2025-08-30
ACC 000815,TRUE,4,24,0.9185,15,10,FALSE,FALSE,,2025-09-06
 ACC-000816 ,FALSE,21,18,0.5444,15,9,FALSE,FALSE,,2025-11-16
ACC-000817,FALSE,30,37,1,20,9,TRUE,FALSE,,2026-03-30
ACC-000818,TRUE,25,3,0.0089,3,5,FALSE,TRUE,Beta checkout,2026-05-21
ACC 000819,TRUE,17,23,0.9405,22,7,FALSE,FALSE,,2025-07-04
acc-000820,TRUE,9,32,0.4867,6,5,FALSE,FALSE,,2026-03-05
acc-000821,TRUE,18,22,0.5063,15,10,FALSE,FALSE,,2026-01-28
 ACC-000822 ,FALSE,46,26,0.5195,12,9,TRUE,TRUE,AI page builder,2025-10-13
acc-000823,TRUE,3,10,0.6011,9,6,FALSE,FALSE,,2026-07-30
ACC 000824,TRUE,19,24,0.7234,14,7,FALSE,FALSE,,2025-09-16
ACC-000825,TRUE,16,9,0.2703,7,0,TRUE,FALSE,,2025-08-08
ACC-000826,TRUE,13,10,0.774,9,11,FALSE,FALSE,,2026-03-20
ACC-000827,TRUE,13,28,0.9414,19,8,FALSE,TRUE,Dynamic forms,2026-04-01
ACC 000828,TRUE,4,24,0.6402,15,6,TRUE,FALSE,,2025-08-04
ACC 000829,TRUE,15,27,0.4818,5,10,TRUE,FALSE,,2025-11-01
 ACC-000830 ,TRUE,11,32,0.8627,14,10,FALSE,FALSE,,2025-04-06
ACC 000831,TRUE,24,0,0.2715,9,2,FALSE,TRUE,Beta checkout,2025-06-06
ACC-000832,TRUE,2,22,0.9405,15,15,FALSE,FALSE,,2025-05-21
ACC-000833,TRUE,10,24,0.7675,18,9,FALSE,FALSE,,2025-12-23
acc-000834,TRUE,21,17,0.5263,9,13,TRUE,FALSE,,2025-05-26
 ACC-000835 ,TRUE,17,31,0.6705,12,13,FALSE,FALSE,,2026-07-05
ACC-000836,FALSE,24,29,0.9926,17,12,FALSE,FALSE,,2025-06-20
ACC-000837,TRUE,12,29,0.5216,17,10,FALSE,FALSE,,2025-06-04
acc-000838,TRUE,23,4,0.1454,0,2,FALSE,TRUE,Beta checkout,2025-10-13
acc-000839,TRUE,13,27,1,15,18,FALSE,FALSE,,2025-11-06
 ACC-000840 ,TRUE,21,20,0.8479,14,10,FALSE,TRUE,Advanced integrations,2026-01-11
 ACC-000841 ,TRUE,10,30,0.7289,16,7,FALSE,FALSE,,2025-07-22
ACC-000843,TRUE,11,35,1,19,16,TRUE,FALSE,,2025-11-01
acc-000844,FALSE,32,18,0.5395,6,2,FALSE,FALSE,,2025-09-12
ACC-000845,FALSE,47,17,0.5142,12,7,FALSE,TRUE,Dynamic forms,2026-01-05
ACC-000846,TRUE,23,11,0.2202,7,0,FALSE,TRUE,Dynamic forms,2026-02-09
 ACC-000847 ,TRUE,16,29,0.546,16,5,TRUE,FALSE,,2026-03-05
ACC 000848,TRUE,14,22,0.5274,11,4,FALSE,FALSE,,2026-05-16
ACC 000849,TRUE,18,26,0.7979,13,6,FALSE,FALSE,,2025-12-14
ACC 000850,TRUE,23,22,0.642,7,6,FALSE,FALSE,,2025-05-11
ACC 000851,TRUE,14,15,0.4621,16,1,FALSE,FALSE,,2025-07-14
ACC-000852,TRUE,26,32,0.942,17,12,FALSE,FALSE,,2025-11-04
ACC 000853,TRUE,22,28,0.9141,18,8,TRUE,FALSE,,2026-02-02
 ACC-000854 ,TRUE,12,17,0.6003,18,6,FALSE,FALSE,,2026-04-13
ACC-000855,TRUE,12,31,0.7482,14,9,TRUE,FALSE,,2025-12-05
ACC-000856,TRUE,26,1,0.4441,6,2,FALSE,FALSE,,2026-09-05
ACC-000857,FALSE,36,7,0,13,6,TRUE,TRUE,CRM sync,2025-04-08
 ACC-000858 ,TRUE,22,16,0.6321,14,10,FALSE,TRUE,Advanced integrations,2025-11-22
ACC 000859,TRUE,13,40,0.9555,15,8,FALSE,FALSE,,2026-03-30
acc-000860,TRUE,33,16,0.2259,4,5,FALSE,TRUE,Beta checkout,2025-10-03
 ACC-000861 ,TRUE,17,30,0.9535,21,9,FALSE,FALSE,,2025-11-03
ACC 000863,TRUE,18,29,0.6954,13,8,FALSE,FALSE,,2025-05-22
ACC-000864,TRUE,21,32,0.6268,11,0,FALSE,FALSE,,2026-09-14
ACC 000865,TRUE,23,22,0.4448,6,6,FALSE,FALSE,,2025-02-03
 ACC-000866 ,TRUE,25,12,0.49,18,1,TRUE,TRUE,Advanced integrations,2026-07-08
ACC 000868,FALSE,52,10,0.2093,1,4,FALSE,TRUE,Dynamic forms,2026-08-14
ACC-000869,TRUE,9,19,0.7311,20,8,FALSE,FALSE,,2025-11-13
 ACC-000870 ,TRUE,16,23,0.4666,10,8,FALSE,TRUE,Advanced integrations,2025-11-09
ACC 000871,TRUE,5,17,0.5507,11,5,TRUE,FALSE,,2026-03-17
 ACC-000873 ,TRUE,24,10,0.5249,7,6,FALSE,TRUE,Dynamic forms,2026-08-29
 ACC-000874 ,FALSE,39,22,0.4972,15,11,FALSE,TRUE,Advanced integrations,2025-07-03
ACC-000875,TRUE,34,15,0.5038,15,6,FALSE,TRUE,Advanced integrations,2026-05-12
acc-000876,TRUE,18,32,0.7414,13,7,TRUE,FALSE,,2025-09-27
ACC-000877,FALSE,27,13,0.0901,2,1,FALSE,FALSE,,2025-09-14
acc-000878,TRUE,20,24,1,21,16,TRUE,FALSE,,2025-08-14
ACC-000879,TRUE,20,32,0.8671,17,10,TRUE,FALSE,,2026-03-11
ACC-000880,TRUE,15,24,0.6975,19,8,FALSE,FALSE,,2025-10-30
acc-000881,TRUE,5,23,0.7764,16,12,TRUE,FALSE,,2025-11-30
acc-000882,TRUE,23,29,0.8498,14,12,FALSE,TRUE,Beta checkout,2025-09-17
 ACC-000883 ,FALSE,33,0,0,6,6,FALSE,FALSE,,2025-11-01
ACC-000884,TRUE,15,30,0.8966,17,9,FALSE,FALSE,,2025-12-08
acc-000885,TRUE,1,29,0.9111,21,15,FALSE,FALSE,,2026-03-26
 ACC-000886 ,TRUE,19,23,0.3546,11,5,FALSE,TRUE,Beta checkout,2025-11-21
ACC-000887,TRUE,10,20,0.4479,4,4,FALSE,FALSE,,2026-01-07
acc-000888,TRUE,15,23,0.6735,17,1,FALSE,FALSE,,2026-01-15
ACC 000889,TRUE,5,40,0.7765,12,10,FALSE,FALSE,,2026-05-22
ACC-000890,TRUE,23,15,0.5775,10,10,FALSE,TRUE,CRM sync,2026-02-28
 ACC-000891 ,TRUE,30,21,0.3676,5,9,FALSE,TRUE,Advanced integrations,2026-02-01
ACC-000892,FALSE,44,3,0,4,2,FALSE,TRUE,CRM sync,2025-10-08
ACC-000893,TRUE,13,15,0.7704,20,15,FALSE,FALSE,,2026-02-08
ACC-000894,TRUE,15,20,0.6748,9,3,FALSE,FALSE,,2025-06-17
 ACC-000895 ,TRUE,1,19,0.7202,19,8,FALSE,FALSE,,2026-03-31
 ACC-000896 ,TRUE,15,20,0.6342,9,12,TRUE,FALSE,,2026-02-09
 ACC-000897 ,FALSE,23,25,0.5591,17,7,FALSE,FALSE,,2025-08-18
ACC 000898,TRUE,9,15,0.6909,15,8,FALSE,FALSE,,2025-12-29
acc-000899,TRUE,17,15,0.5273,14,4,TRUE,FALSE,,2026-01-06
ACC-000900,FALSE,23,18,0.5681,8,7,FALSE,TRUE,Advanced integrations,2025-08-24
ACC-000901,TRUE,25,26,0.1588,3,4,FALSE,TRUE,AI page builder,2025-06-23
acc-000902,TRUE,8,22,0.7457,13,11,FALSE,FALSE,,2025-12-30
ACC-000903,TRUE,3,24,1,14,8,FALSE,FALSE,,2026-06-25
ACC-000904,TRUE,11,20,0.7097,18,7,FALSE,FALSE,,2026-01-10
ACC-000905,TRUE,11,25,0.7831,13,9,TRUE,FALSE,,2025-09-30
acc-000906,TRUE,33,20,0.2003,1,5,FALSE,TRUE,Dynamic forms,2025-03-23
ACC 000907,TRUE,15,39,0.8581,15,8,FALSE,FALSE,,2026-04-10
 ACC-000908 ,TRUE,1,32,0.7906,15,10,FALSE,FALSE,,2025-07-04
ACC-000909,TRUE,22,18,0.6236,18,7,FALSE,FALSE,,2025-08-10
ACC-000910,FALSE,21,38,0.6859,13,7,FALSE,FALSE,,2026-01-19
 ACC-000911 ,TRUE,9,24,0.4407,4,5,FALSE,FALSE,,2026-04-30
ACC-000912,TRUE,26,21,0.3442,8,3,FALSE,FALSE,,2025-09-01
acc-000913,TRUE,12,20,0.7886,11,14,TRUE,FALSE,,2025-12-03
ACC-000914,TRUE,15,18,0.8317,13,10,TRUE,FALSE,,2025-12-13
ACC 000915,TRUE,13,33,0.7025,15,8,FALSE,FALSE,,2025-11-05
ACC-000916,TRUE,20,16,0.3386,3,6,FALSE,FALSE,,2025-12-30
 ACC-000917 ,TRUE,5,25,0.8251,9,12,FALSE,FALSE,,2025-09-05
acc-000918,TRUE,9,25,0.6218,16,7,TRUE,FALSE,,2025-06-30
ACC-000919,TRUE,18,27,0.9968,16,15,FALSE,FALSE,,2026-06-27
ACC-000920,TRUE,9,14,0.4964,8,10,FALSE,FALSE,,2025-11-22
acc-000921,FALSE,48,11,0.2313,7,0,FALSE,TRUE,CRM sync,2026-05-30
 ACC-000922 ,TRUE,26,30,0.809,15,9,FALSE,FALSE,,2025-09-30
ACC-000924,TRUE,12,21,0.678,22,8,FALSE,FALSE,,2025-07-30
acc-000925,TRUE,6,26,0.9505,15,1,FALSE,FALSE,,2025-06-04
ACC 000926,TRUE,13,33,0.6553,17,3,FALSE,TRUE,Beta checkout,2025-11-30
 ACC-000927 ,TRUE,12,33,0.8137,11,7,FALSE,FALSE,,2025-11-19
 ACC-000928 ,TRUE,37,8,0,4,0,FALSE,TRUE,Advanced integrations,2025-09-01
 ACC-000929 ,TRUE,15,22,0.7156,19,5,FALSE,FALSE,,2025-02-09
ACC 000930,FALSE,35,5,0.2748,3,6,FALSE,TRUE,Dynamic forms,2026-06-10
 ACC-000931 ,TRUE,7,16,0.418,5,0,TRUE,TRUE,Beta checkout,2025-05-13
ACC-000933,TRUE,4,22,0.7006,15,9,TRUE,FALSE,,2025-06-09
ACC-000934,TRUE,8,26,1,14,13,TRUE,FALSE,,2026-01-13
ACC-000935,TRUE,8,34,0.759,20,8,FALSE,FALSE,,2025-12-13
ACC-000936,TRUE,17,10,0.5097,6,5,FALSE,FALSE,,2025-06-29
ACC 000937,FALSE,15,33,0.696,13,3,TRUE,FALSE,,2025-12-13
acc-000938,TRUE,18,13,0.2984,10,0,FALSE,FALSE,,2026-01-18
 ACC-000939 ,TRUE,8,24,0.682,6,11,FALSE,FALSE,,2025-08-03
 ACC-000940 ,TRUE,17,26,0.7474,15,3,TRUE,FALSE,,2026-01-21
ACC-000941,TRUE,20,9,0.1249,4,6,FALSE,TRUE,Advanced integrations,2026-02-24
ACC-000942,TRUE,16,9,0.0531,7,9,TRUE,TRUE,CRM sync,2026-02-09
 ACC-000943 ,TRUE,26,16,0.3586,9,4,TRUE,TRUE,AI page builder,2026-03-23
ACC 000945,TRUE,19,43,1,13,8,FALSE,FALSE,,2026-02-05
ACC-000946,TRUE,8,37,0.6619,19,9,TRUE,FALSE,,2026-03-06
 ACC-000947 ,TRUE,29,0,0.2244,9,1,FALSE,FALSE,,2026-01-14
ACC-000948,TRUE,28,7,0.4097,4,4,FALSE,FALSE,,2025-09-14
 ACC-000949 ,TRUE,7,8,0.5732,13,4,TRUE,FALSE,,2026-01-29
ACC-000950,FALSE,39,7,0,1,2,TRUE,TRUE,Advanced integrations,2025-09-30
 ACC-000951 ,FALSE,29,27,0.5223,10,7,FALSE,TRUE,AI page builder,2025-05-24
acc-000952,TRUE,8,21,0.7127,14,9,FALSE,FALSE,,2025-09-12
ACC-000953,TRUE,11,20,0.6543,12,7,FALSE,FALSE,,2025-08-30
ACC 000954,FALSE,34,26,0.73,15,8,TRUE,FALSE,,2025-07-14
 ACC-000955 ,TRUE,21,15,0.4309,14,1,TRUE,FALSE,,2026-05-09
acc-000956,TRUE,19,16,0.425,6,5,FALSE,FALSE,,2025-07-21
acc-000957,TRUE,3,23,1,16,10,FALSE,FALSE,,2025-09-01
 ACC-000958 ,TRUE,29,20,0.3938,9,3,FALSE,TRUE,Advanced integrations,2026-07-22
ACC 000959,TRUE,32,20,0.533,11,10,TRUE,FALSE,,2026-05-25
ACC-000960,TRUE,14,25,0.7084,16,8,FALSE,FALSE,,2025-09-21
 ACC-000961 ,TRUE,17,24,0.6636,11,10,FALSE,FALSE,,2025-09-27
ACC-000962,TRUE,15,5,0.1178,8,7,FALSE,FALSE,,2025-06-23
 ACC-000963 ,TRUE,13,35,1,20,9,FALSE,FALSE,,2026-01-15
ACC 000964,TRUE,12,18,0.6429,9,11,FALSE,FALSE,,2026-02-01
ACC 000965,TRUE,29,29,0.478,16,14,FALSE,TRUE,Dynamic forms,2026-05-08
acc-000966,TRUE,15,11,0.4767,17,8,FALSE,TRUE,Beta checkout,2025-07-19
acc-000967,TRUE,8,28,0.7664,16,12,TRUE,FALSE,,2026-05-02
acc-000968,TRUE,3,37,0.9818,16,10,TRUE,FALSE,,2026-06-09
acc-000970,TRUE,15,20,0.7083,12,9,FALSE,FALSE,,2025-09-29
 ACC-000971 ,TRUE,4,31,0.6317,13,1,TRUE,FALSE,,2025-10-10
ACC-000972,TRUE,13,11,0.7145,15,11,FALSE,FALSE,,2025-07-30
ACC-000974,TRUE,22,30,1,19,14,TRUE,FALSE,,2025-05-07
ACC-000975,FALSE,32,35,0.6114,14,7,FALSE,FALSE,,2025-10-17
acc-000976,TRUE,24,7,0.3276,9,2,TRUE,FALSE,,2025-11-16
ACC-000977,TRUE,13,0,0.5262,13,5,FALSE,FALSE,,2026-04-21
ACC-000979,TRUE,3,27,0.7829,7,1,TRUE,FALSE,,2025-09-03
ACC 000980,TRUE,9,39,0.8083,10,11,FALSE,FALSE,,2026-04-25
ACC-000981,TRUE,15,28,0.5054,12,6,FALSE,FALSE,,2026-04-08
ACC-000982,TRUE,7,9,0.3814,7,4,FALSE,FALSE,,2025-04-19
ACC 000983,TRUE,7,23,0.67,10,5,TRUE,FALSE,,2026-03-04
ACC 000984,TRUE,12,21,0.7969,17,10,TRUE,FALSE,,2025-09-24
ACC-000985,TRUE,24,9,0.0039,6,1,FALSE,TRUE,Beta checkout,2025-12-11
ACC-000986,TRUE,16,12,0.4763,12,5,FALSE,TRUE,Advanced integrations,2025-10-09
ACC-000987,TRUE,6,30,1,12,4,FALSE,FALSE,,2025-08-20
acc-000988,TRUE,6,23,0.7442,13,5,FALSE,FALSE,,2025-04-29
ACC 000989,TRUE,27,3,0.1873,3,0,FALSE,TRUE,CRM sync,2025-05-04
ACC-000990,FALSE,39,23,0.6679,13,3,FALSE,TRUE,Advanced integrations,2026-03-09
ACC-000991,FALSE,35,26,0.9689,18,16,FALSE,FALSE,,2025-05-28
ACC-000992,TRUE,31,14,0.5564,0,8,FALSE,FALSE,,2025-07-19
ACC 000993,FALSE,30,18,0.2636,2,3,FALSE,FALSE,,2026-03-09
ACC-000994,TRUE,22,19,0.4844,15,7,TRUE,TRUE,CRM sync,2026-01-30
ACC 000995,TRUE,10,22,0.5698,12,6,FALSE,TRUE,AI page builder,2026-06-14
ACC-000996,TRUE,12,27,0.9656,17,15,FALSE,FALSE,,2026-04-20
ACC-000997,TRUE,21,8,0.5946,17,2,FALSE,FALSE,,2026-07-03
ACC 000998,TRUE,30,17,0.4057,6,2,FALSE,TRUE,CRM sync,2025-11-18
ACC 001000,FALSE,28,9,0.7138,14,9,FALSE,TRUE,Beta checkout,2025-07-18
ACC 001001,TRUE,21,12,0.2556,15,0,FALSE,TRUE,CRM sync,2025-11-20
 ACC-001002 ,TRUE,32,11,0.2044,6,0,FALSE,TRUE,Advanced integrations,2026-06-01
ACC-001003,TRUE,28,11,0.2287,7,3,FALSE,FALSE,,2026-04-06
ACC-001004,TRUE,15,17,0.6088,14,7,FALSE,FALSE,,2026-02-21
ACC-001005,FALSE,25,22,0.5397,17,1,FALSE,FALSE,,2025-07-13
ACC-001006,TRUE,6,33,0.753,21,13,FALSE,FALSE,,2025-10-30
ACC-001007,FALSE,54,9,0.2017,7,0,FALSE,TRUE,Advanced integrations,2025-09-24
acc-001008,TRUE,13,22,0.6768,11,12,FALSE,FALSE,,2026-03-06
 ACC-001009 ,TRUE,17,19,0.8298,14,11,FALSE,FALSE,,2025-05-14
ACC 001010,TRUE,14,19,0.8256,17,7,FALSE,FALSE,,2026-02-28
ACC-001011,TRUE,20,22,0.8714,13,9,FALSE,FALSE,,2026-05-17
ACC-001012,TRUE,12,21,0.9801,20,8,FALSE,FALSE,,2026-04-29
ACC 001013,TRUE,24,11,0.6233,10,4,FALSE,FALSE,,2026-06-25
acc-001014,FALSE,39,14,0.3601,6,3,FALSE,FALSE,,2026-04-01
ACC 001015,TRUE,14,4,0.553,13,2,TRUE,FALSE,,2025-11-26
ACC-001016,TRUE,12,18,0.5786,8,6,TRUE,FALSE,,2025-05-30
 ACC-001017 ,TRUE,10,19,0.5019,11,7,FALSE,FALSE,,2026-03-17
ACC-001018,TRUE,13,38,0.7804,10,12,FALSE,FALSE,,2025-09-02
ACC-001019,TRUE,8,43,0.898,22,11,TRUE,FALSE,,2025-09-24
ACC-001020,TRUE,16,22,0.694,9,9,FALSE,FALSE,,2026-07-28
 ACC-001021 ,FALSE,35,13,0.4663,1,6,TRUE,FALSE,,2026-01-09
 ACC-001022 ,FALSE,46,18,0.3161,4,6,TRUE,TRUE,Advanced integrations,2025-10-07
 ACC-001023 ,TRUE,14,33,0.569,10,2,TRUE,FALSE,,2025-09-30
acc-001024,TRUE,9,15,0.5908,10,10,FALSE,FALSE,,2025-08-15
 ACC-001025 ,TRUE,9,26,0.9044,11,5,FALSE,FALSE,,2025-03-03
ACC-001026,TRUE,26,11,0.3535,9,2,FALSE,FALSE,,2025-10-02
ACC 001027,FALSE,42,11,0.2508,7,4,TRUE,TRUE,Beta checkout,2025-12-14
ACC-001029,TRUE,20,18,0.5402,7,5,FALSE,TRUE,Advanced integrations,2025-08-13
acc-001030,TRUE,9,33,0.7886,14,10,TRUE,FALSE,,2025-04-24
acc-001031,FALSE,33,22,0.4848,11,7,TRUE,FALSE,,2025-05-12
ACC 001032,TRUE,25,16,0.5117,10,8,FALSE,FALSE,,2025-07-13
ACC-001033,TRUE,5,21,0.4759,17,5,FALSE,FALSE,,2025-12-04
ACC-001034,FALSE,37,2,0,0,2,FALSE,FALSE,,2026-04-13
ACC 001035,FALSE,50,15,0.2326,6,1,FALSE,TRUE,Dynamic forms,2025-08-08
ACC 001036,TRUE,13,32,0.7285,16,9,FALSE,FALSE,,2025-11-09
ACC 001037,TRUE,12,18,0.4641,9,8,FALSE,FALSE,,2025-09-25
ACC 001038,TRUE,18,13,0.6113,8,9,FALSE,FALSE,,2026-05-14
ACC-001039,TRUE,30,14,0.2342,3,4,FALSE,TRUE,Dynamic forms,2026-01-19
 ACC-001040 ,TRUE,12,31,1,21,8,TRUE,FALSE,,2025-10-12
ACC-001041,TRUE,8,29,0.9161,17,9,TRUE,FALSE,,2026-02-06
acc-001043,TRUE,30,17,0,1,6,FALSE,TRUE,Dynamic forms,2025-06-23
ACC-001044,TRUE,9,18,0.6473,10,5,FALSE,FALSE,,2026-05-29
ACC-001046,TRUE,11,16,0.8252,15,9,FALSE,FALSE,,2026-02-21
ACC 001047,TRUE,11,32,0.9568,18,11,FALSE,FALSE,,2026-04-06
ACC-001048,TRUE,22,28,0.6457,17,7,FALSE,TRUE,CRM sync,2026-08-30
acc-001049,TRUE,15,22,0.7837,10,7,TRUE,FALSE,,2025-11-14
 ACC-001050 ,TRUE,31,7,0.1596,5,3,FALSE,FALSE,,2025-06-08
 ACC-001051 ,TRUE,16,15,0.4244,4,5,TRUE,FALSE,,2026-01-14
acc-001052,TRUE,17,16,0.8122,10,9,FALSE,FALSE,,2026-03-08
ACC-001054,TRUE,10,28,0.7405,12,10,FALSE,FALSE,,2025-12-21
ACC-001055,TRUE,7,17,0.4791,7,7,FALSE,FALSE,,2025-08-26
ACC-001056,TRUE,12,10,0.2341,3,4,FALSE,FALSE,,2025-09-02
 ACC-001058 ,TRUE,12,40,1,20,12,FALSE,FALSE,,2026-02-08
 ACC-001059 ,TRUE,17,23,0.6565,12,11,FALSE,FALSE,,2025-11-28
acc-001060,TRUE,12,32,0.7362,11,10,TRUE,FALSE,,2026-04-12
ACC-001062,TRUE,12,31,0.8211,13,9,FALSE,FALSE,,2026-03-12
ACC 001063,TRUE,3,33,0.8958,15,8,FALSE,FALSE,,2025-05-14
ACC-001064,TRUE,25,37,0.9747,20,15,FALSE,FALSE,,2025-08-20
ACC 001065,TRUE,10,15,0.6404,11,3,FALSE,FALSE,,2026-07-15
ACC-001066,TRUE,15,21,0.48,14,6,TRUE,TRUE,CRM sync,2025-09-12
acc-001067,TRUE,7,23,0.6055,14,9,FALSE,FALSE,,2026-05-24
 ACC-001068 ,TRUE,7,41,0.8858,16,7,TRUE,FALSE,,2025-10-29
 ACC-001069 ,TRUE,7,23,0.6911,14,12,FALSE,FALSE,,2025-10-19
acc-001070,TRUE,18,16,0.5027,5,9,FALSE,FALSE,,2026-05-16
ACC-001071,TRUE,15,16,0.7342,16,8,FALSE,FALSE,,2025-11-11
ACC-001072,TRUE,19,15,0.374,6,6,FALSE,TRUE,AI page builder,2026-01-12
ACC-001073,TRUE,14,23,0.5032,7,6,TRUE,FALSE,,2025-06-07
acc-001074,TRUE,20,22,0.5856,6,0,FALSE,FALSE,,2025-11-15
acc-001075,TRUE,16,14,0.9399,23,14,FALSE,FALSE,,2026-04-08
ACC-001076,TRUE,1,23,0.5886,16,5,FALSE,FALSE,,2025-10-08
ACC-001077,TRUE,7,29,0.6337,10,7,FALSE,FALSE,,2025-11-07
ACC 001078,FALSE,31,22,0.5483,13,8,FALSE,FALSE,,2025-07-25
ACC-001079,TRUE,35,25,0.388,13,3,FALSE,FALSE,,2025-11-25
ACC-001081,TRUE,21,24,0.7564,14,6,FALSE,FALSE,,2025-10-21
 ACC-001082 ,TRUE,15,5,0.3633,5,1,FALSE,TRUE,Beta checkout,2025-05-04
acc-001083,TRUE,16,28,0.7822,23,11,FALSE,FALSE,,2025-04-05
ACC-001084,TRUE,10,26,0.749,12,11,FALSE,FALSE,,2025-11-03
ACC-001086,TRUE,30,4,0.2085,5,4,FALSE,TRUE,Advanced integrations,2025-10-08
ACC-001087,TRUE,30,11,0.3148,3,3,FALSE,FALSE,,2025-11-07
acc-001088,TRUE,5,25,0.6791,12,6,FALSE,FALSE,,2025-11-22
ACC-001089,TRUE,18,17,0.3731,10,4,TRUE,FALSE,,2025-11-10
 ACC-001090 ,TRUE,8,16,0.7479,14,7,FALSE,FALSE,,2025-09-10
ACC-001091,TRUE,8,28,0.6845,15,7,TRUE,FALSE,,2026-02-23
ACC-001092,TRUE,18,15,0.7285,16,10,FALSE,FALSE,,2026-02-25
acc-001093,TRUE,17,17,0.4624,0,7,TRUE,TRUE,Beta checkout,2025-09-14
ACC 001094,TRUE,15,22,0.6556,12,6,TRUE,FALSE,,2025-10-10
ACC 001095,TRUE,29,9,0.6367,21,6,FALSE,TRUE,Beta checkout,2025-06-26
ACC-001096,TRUE,25,16,0,4,3,FALSE,TRUE,CRM sync,2025-09-11
 ACC-001097 ,FALSE,41,15,0.5062,16,3,FALSE,FALSE,,2025-12-24
 ACC-001099 ,TRUE,9,34,0.9076,23,12,FALSE,FALSE,,2025-12-13
acc-001100,TRUE,16,15,0.4707,17,6,FALSE,FALSE,,2026-03-02
ACC 001101,FALSE,50,5,0.0523,2,1,FALSE,TRUE,AI page builder,2026-01-06
 ACC-001102 ,TRUE,13,19,0.4964,8,9,FALSE,FALSE,,2026-06-19
ACC-001103,TRUE,27,21,0.6786,20,7,FALSE,TRUE,Dynamic forms,2025-10-20
ACC-001104,TRUE,24,16,0.2287,11,4,FALSE,TRUE,Dynamic forms,2025-05-26
 ACC-001105 ,TRUE,10,27,0.6548,12,6,FALSE,FALSE,,2025-10-21
ACC-001106,TRUE,7,28,0.7065,17,8,TRUE,FALSE,,2025-07-10
acc-001107,TRUE,12,28,0.8931,12,9,FALSE,FALSE,,2025-05-06
 ACC-001108 ,TRUE,17,34,0.9324,14,12,TRUE,FALSE,,2026-01-30
ACC 001109,TRUE,21,23,0.7639,11,10,FALSE,FALSE,,2025-12-15
acc-001111,TRUE,8,19,0.6724,14,10,FALSE,FALSE,,2026-06-10
acc-001112,FALSE,44,8,0.1537,6,2,FALSE,TRUE,Beta checkout,2025-12-18
 ACC-001113 ,TRUE,8,27,0.3043,9,6,FALSE,FALSE,,2025-08-12
ACC-001114,FALSE,25,18,0.5787,10,2,FALSE,FALSE,,2026-01-13
 ACC-001116 ,TRUE,17,30,0.6348,17,4,FALSE,FALSE,,2026-03-02
 ACC-001117 ,FALSE,20,22,0.6523,14,7,FALSE,FALSE,,2025-02-22
ACC-001118,TRUE,8,29,0.9991,12,15,FALSE,FALSE,,2025-09-07
ACC 001119,TRUE,24,14,0.1744,4,10,FALSE,FALSE,,2025-10-05
acc-001120,TRUE,30,18,0.4472,12,9,TRUE,TRUE,CRM sync,2025-09-02
 ACC-001121 ,TRUE,14,10,0.3866,14,3,FALSE,TRUE,Dynamic forms,2026-06-14
ACC-001122,TRUE,10,45,1,24,11,TRUE,FALSE,,2026-06-26
ACC-001123,TRUE,8,24,0.5173,9,8,FALSE,FALSE,,2025-05-18
ACC-001124,TRUE,18,13,0.5868,8,10,FALSE,FALSE,,2026-03-23
ACC 001125,FALSE,39,18,0.8335,14,4,FALSE,FALSE,,2026-01-25
 ACC-001126 ,TRUE,20,15,0.5603,8,8,FALSE,TRUE,AI page builder,2025-08-01
acc-001127,TRUE,26,27,0.6822,18,7,FALSE,FALSE,,2026-05-10
ACC-001128,TRUE,7,30,0.8538,17,6,FALSE,FALSE,,2026-08-19
ACC-001129,TRUE,18,20,0.4061,12,3,FALSE,TRUE,Beta checkout,2025-07-22
 ACC-001130 ,TRUE,19,27,0.618,11,3,FALSE,FALSE,,2026-03-15
 ACC-001131 ,TRUE,19,14,0.8057,17,5,FALSE,TRUE,Beta checkout,2026-06-28
ACC-001132,TRUE,28,18,0.5714,9,5,FALSE,TRUE,AI page builder,2025-11-01
 ACC-001133 ,TRUE,13,28,0.6367,8,8,FALSE,FALSE,,2025-06-10
acc-001134,FALSE,32,23,0.7568,14,11,FALSE,FALSE,,2026-01-28
ACC 001135,TRUE,4,25,0.9404,24,10,FALSE,FALSE,,2025-04-28
ACC 001136,FALSE,26,21,0.6869,15,4,TRUE,FALSE,,2025-04-08
 ACC-001137 ,TRUE,9,26,0.8268,20,7,FALSE,FALSE,,2026-03-04
ACC 001138,TRUE,18,3,0.413,4,5,FALSE,TRUE,Dynamic forms,2025-05-22
ACC-001139,TRUE,12,31,0.7332,11,12,FALSE,FALSE,,2026-03-01
ACC 001140,TRUE,21,6,0.1322,5,1,FALSE,TRUE,CRM sync,2025-09-04
ACC-001142,TRUE,3,23,0.6616,14,10,FALSE,FALSE,,2025-11-18
ACC-001143,TRUE,2,15,0.6182,15,6,FALSE,FALSE,,2025-05-11
ACC-001144,TRUE,6,27,0.594,9,6,FALSE,FALSE,,2026-03-23
ACC-001145,FALSE,44,7,0.4318,2,6,FALSE,TRUE,AI page builder,2025-11-24
ACC-001146,TRUE,22,20,0.0388,3,0,TRUE,TRUE,Dynamic forms,2026-01-04
ACC-001147,FALSE,24,17,0.4533,15,6,TRUE,FALSE,,2026-01-20
ACC-001148,TRUE,18,23,0.6565,18,8,TRUE,FALSE,,2026-03-27
acc-001150,TRUE,12,28,0.7383,15,13,TRUE,FALSE,,2026-03-18
 ACC-001151 ,TRUE,15,12,0.6655,17,8,FALSE,FALSE,,2025-11-25
 ACC-001152 ,FALSE,47,19,0.199,5,6,TRUE,TRUE,Beta checkout,2026-04-16
ACC 001153,TRUE,2,31,0.8554,20,8,FALSE,FALSE,,2026-05-20
 ACC-001154 ,TRUE,13,26,0.8069,20,10,FALSE,FALSE,,2026-02-25
ACC-001155,TRUE,15,30,0.7689,13,13,FALSE,FALSE,,2025-11-30
ACC-001156,FALSE,31,23,0.6672,15,15,TRUE,FALSE,,2026-03-05
acc-001157,TRUE,21,22,0.6343,2,9,FALSE,FALSE,,2025-09-29
ACC-001158,TRUE,24,22,0.7915,11,13,FALSE,FALSE,,2025-12-05
ACC-001159,TRUE,10,30,1,20,3,FALSE,FALSE,,2025-11-19
ACC-001160,TRUE,11,33,1,18,17,FALSE,FALSE,,2026-01-18
ACC 001161,TRUE,16,25,0.5691,8,9,FALSE,FALSE,,2025-10-01
ACC-001162,TRUE,12,17,0.6148,12,5,FALSE,FALSE,,2025-09-06
ACC-001163,FALSE,23,14,0.2224,1,6,TRUE,FALSE,,2025-07-07
ACC-001164,TRUE,19,13,0.6447,14,6,FALSE,FALSE,,2025-07-03
ACC 001165,TRUE,20,17,0.5775,8,10,TRUE,FALSE,,2026-03-14
ACC-001166,TRUE,5,16,0.7051,20,11,FALSE,FALSE,,2025-11-22
ACC-001167,FALSE,41,25,0.4455,15,4,FALSE,TRUE,Beta checkout,2026-02-01
ACC-001169,TRUE,21,34,0.8846,13,10,FALSE,FALSE,,2025-08-17
ACC-001170,TRUE,9,31,0.8922,13,6,TRUE,FALSE,,2025-07-14
ACC 001171,TRUE,15,20,0.6033,17,10,FALSE,FALSE,,2026-05-11
acc-001172,TRUE,26,18,0.6294,16,4,FALSE,TRUE,CRM sync,2026-03-03
ACC-001173,TRUE,12,14,0.4738,9,7,TRUE,FALSE,,2025-10-04
ACC-001174,TRUE,30,17,0.3575,10,9,TRUE,FALSE,,2026-04-14
ACC-001175,TRUE,12,26,0.8767,18,9,TRUE,FALSE,,2025-09-05
ACC 001176,TRUE,27,24,0.8346,15,11,FALSE,FALSE,,2025-09-07
ACC-001177,TRUE,23,18,0.3691,7,11,FALSE,TRUE,Beta checkout,2026-03-29
 ACC-001178 ,TRUE,13,40,0.9644,16,8,FALSE,FALSE,,2025-12-01
 ACC-001179 ,TRUE,12,21,1,16,10,TRUE,FALSE,,2025-06-17
acc-001180,TRUE,17,29,0.9912,27,10,TRUE,FALSE,,2026-01-21
 ACC-001181 ,TRUE,14,34,0.8775,24,9,TRUE,FALSE,,2025-10-20
ACC 001182,TRUE,11,18,0.5799,12,8,TRUE,FALSE,,2025-10-19
ACC-001183,TRUE,28,15,0.5841,12,8,TRUE,TRUE,CRM sync,2025-04-30
ACC 001184,FALSE,41,10,0.073,8,0,FALSE,FALSE,,2026-03-25
ACC 001185,TRUE,8,22,0.7816,18,2,FALSE,FALSE,,2025-07-14
ACC-001186,TRUE,16,15,0.5786,13,11,TRUE,FALSE,,2025-06-11
 ACC-001187 ,TRUE,9,19,0.459,19,6,FALSE,FALSE,,2025-10-05
ACC-001188,TRUE,13,24,0.7556,18,9,FALSE,FALSE,,2025-12-05
ACC 001189,TRUE,6,34,0.907,25,13,TRUE,FALSE,,2025-08-16
acc-001190,TRUE,17,29,0.9761,12,10,FALSE,FALSE,,2025-11-14
ACC 001191,TRUE,33,21,0.6177,13,5,FALSE,TRUE,Beta checkout,2025-07-01
ACC-001192,TRUE,14,11,0.3643,3,6,FALSE,TRUE,Dynamic forms,2025-11-07
 ACC-001193 ,TRUE,20,16,0.3989,12,3,FALSE,FALSE,,2025-09-16
ACC-001194,TRUE,8,31,0.9803,15,9,FALSE,FALSE,,2025-12-13
ACC-001195,TRUE,26,16,0.6246,11,3,TRUE,TRUE,Advanced integrations,2025-12-30
ACC-001196,FALSE,29,20,0.5466,12,4,FALSE,TRUE,Beta checkout,2025-09-20
acc-001197,TRUE,21,9,0.5945,14,5,FALSE,TRUE,CRM sync,2025-04-30
 ACC-001198 ,FALSE,40,5,0.2751,7,4,TRUE,FALSE,,2025-11-26
acc-001199,TRUE,5,22,1,17,8,FALSE,FALSE,,2025-09-11
ACC-001200,FALSE,37,13,0.4678,8,1,TRUE,FALSE,,2025-12-25
acc-001201,TRUE,27,26,0.6129,4,9,TRUE,TRUE,AI page builder,2025-04-27
 ACC-001202 ,TRUE,4,28,1,25,7,FALSE,FALSE,,2026-02-21
 ACC-001203 ,TRUE,22,27,0.6249,14,4,FALSE,TRUE,Beta checkout,2025-10-05
ACC 001204,FALSE,28,28,0.732,19,8,FALSE,FALSE,,2026-01-31
 ACC-001205 ,TRUE,13,9,0.5402,16,9,FALSE,FALSE,,2025-10-22
 ACC-001206 ,TRUE,27,12,0.4379,2,6,FALSE,FALSE,,2025-06-17
 ACC-001207 ,TRUE,13,15,0.7815,14,7,FALSE,FALSE,,2025-04-08
ACC-001208,TRUE,14,16,0.5696,13,7,FALSE,FALSE,,2026-01-21
 ACC-001209 ,TRUE,21,23,0.2996,6,0,TRUE,FALSE,,2025-07-15
ACC-001210,TRUE,19,29,0.8618,16,10,FALSE,FALSE,,2025-09-11
ACC 001211,TRUE,8,23,0.6099,13,4,FALSE,FALSE,,2026-03-20
ACC-001212,TRUE,19,30,0.7166,12,4,FALSE,FALSE,,2026-06-25
ACC-001213,TRUE,24,17,0.1519,7,2,FALSE,FALSE,,2026-09-13
acc-001214,FALSE,22,5,0.3698,7,3,FALSE,FALSE,,2026-01-25
ACC-001215,FALSE,24,17,0.8659,14,16,FALSE,FALSE,,2026-07-21
 ACC-001216 ,FALSE,42,14,0.3094,12,0,TRUE,FALSE,,2026-01-16
ACC-001217,TRUE,11,29,0.8649,15,7,TRUE,FALSE,,2025-05-10
 ACC-001218 ,TRUE,28,10,0.2103,3,2,TRUE,FALSE,,2025-12-10
ACC 001219,FALSE,42,13,0.4364,12,12,FALSE,FALSE,,2026-05-15
ACC-001220,TRUE,21,21,0.6595,11,7,FALSE,FALSE,,2026-02-15
 ACC-001221 ,TRUE,25,11,0.5194,6,3,FALSE,TRUE,AI page builder,2026-07-08
ACC 001223,TRUE,26,22,0.2936,7,4,FALSE,FALSE,,2025-08-27
 ACC-001224 ,TRUE,25,21,0.4489,13,8,FALSE,FALSE,,2025-07-22
ACC-001225,TRUE,20,13,0.6297,7,10,FALSE,FALSE,,2025-12-08
ACC 001226,TRUE,8,16,0.5916,15,7,FALSE,FALSE,,2025-11-04
ACC 001227,TRUE,31,25,0.5546,21,3,FALSE,TRUE,Beta checkout,2026-05-22
ACC-001229,FALSE,57,24,0.4824,16,5,TRUE,TRUE,Dynamic forms,2025-11-08
ACC 001230,TRUE,6,33,0.5474,8,4,TRUE,FALSE,,2025-10-04
ACC 001231,TRUE,19,24,0.7388,9,13,FALSE,FALSE,,2025-11-14
ACC 001232,TRUE,21,7,0.5977,6,8,FALSE,TRUE,CRM sync,2026-03-02
 ACC-001233 ,TRUE,3,30,0.6687,19,12,FALSE,FALSE,,2026-05-27
ACC-001234,TRUE,2,18,0.6293,20,6,FALSE,FALSE,,2025-07-06
ACC-001235,TRUE,15,35,1,11,11,FALSE,FALSE,,2025-07-20
ACC-001236,TRUE,19,21,0.7182,15,4,TRUE,FALSE,,2025-10-04
acc-001237,TRUE,29,17,0.4467,4,4,FALSE,FALSE,,2026-04-10
 ACC-001238 ,TRUE,16,40,0.7935,14,12,FALSE,FALSE,,2025-08-19
ACC 001239,TRUE,16,17,0.7445,7,9,FALSE,FALSE,,2025-09-28
ACC-001240,TRUE,16,28,0.7367,20,13,FALSE,FALSE,,2025-07-16
ACC-001243,FALSE,22,36,0.9051,19,8,TRUE,FALSE,,2025-09-30
 ACC-001244 ,FALSE,38,28,0.6438,11,5,FALSE,FALSE,,2025-11-07
ACC-001245,TRUE,7,17,0.3854,10,6,FALSE,FALSE,,2025-09-11
ACC-001246,TRUE,16,14,0.314,6,0,FALSE,FALSE,,2025-08-02
acc-001247,TRUE,10,26,0.9584,16,7,TRUE,FALSE,,2026-06-11
acc-001248,FALSE,30,17,0.4901,14,5,FALSE,TRUE,CRM sync,2026-01-10
acc-001249,TRUE,17,22,0.7105,12,8,FALSE,TRUE,CRM sync,2026-01-02
ACC 001250,TRUE,23,10,0.4424,5,7,FALSE,TRUE,Advanced integrations,2026-03-07
acc-001251,TRUE,18,23,0.7632,20,11,FALSE,FALSE,,2026-06-05
 ACC-001252 ,TRUE,25,11,0.3041,3,4,FALSE,TRUE,AI page builder,2026-06-21
 ACC-001253 ,TRUE,6,31,0.9631,18,12,FALSE,FALSE,,2026-04-14
ACC-001255,TRUE,19,20,0.6637,10,8,TRUE,TRUE,Advanced integrations,2025-04-09
ACC 001256,FALSE,37,3,0.4793,6,2,FALSE,TRUE,CRM sync,2025-12-12
ACC-001257,TRUE,32,4,0.3682,12,4,FALSE,TRUE,Advanced integrations,2025-07-30
ACC-001259,TRUE,3,17,0.5992,8,5,TRUE,FALSE,,2026-02-03
ACC 001260,TRUE,19,10,0.3209,9,5,FALSE,TRUE,CRM sync,2025-07-06
 ACC-001261 ,TRUE,18,37,1,22,4,FALSE,FALSE,,2026-03-07
acc-001262,TRUE,23,33,0.6615,11,14,FALSE,FALSE,,2025-03-16
acc-001263,TRUE,15,20,0.4771,10,3,FALSE,FALSE,,2025-06-20
ACC-001265,TRUE,3,21,0.6652,12,2,TRUE,FALSE,,2025-03-11
acc-001266,FALSE,19,36,0.9702,16,7,TRUE,FALSE,,2025-10-20
ACC 001267,TRUE,13,38,1,15,10,FALSE,FALSE,,2026-03-09
acc-001268,TRUE,16,16,0.4671,5,6,FALSE,TRUE,,2026-03-10
ACC 001269,TRUE,4,16,0.716,11,9,FALSE,FALSE,,2026-04-18
ACC 001270,TRUE,21,30,0.9738,17,10,TRUE,FALSE,,2025-12-31
 ACC-001271 ,TRUE,12,23,0.8404,11,8,FALSE,FALSE,,2025-10-13
ACC 001272,TRUE,19,14,0.1174,5,0,FALSE,FALSE,,2025-11-08
ACC-001273,TRUE,22,2,0.2463,2,7,FALSE,TRUE,Dynamic forms,2025-09-11
ACC-001274,TRUE,24,4,0,2,0,FALSE,TRUE,CRM sync,2026-03-19
ACC 001276,TRUE,23,23,0.5544,9,5,TRUE,FALSE,,2025-09-11
ACC 001277,TRUE,23,26,0.5016,9,6,FALSE,TRUE,Dynamic forms,2026-05-11
ACC-001278,TRUE,31,1,0.1411,6,5,FALSE,TRUE,Advanced integrations,2025-10-15
ACC-001279,TRUE,14,15,0.7394,9,12,FALSE,FALSE,,2026-05-21
ACC 001280,TRUE,10,17,0.3808,16,2,TRUE,FALSE,,2025-10-15
ACC 001281,TRUE,7,14,0.4854,7,4,FALSE,FALSE,,2025-08-17
ACC-001282,TRUE,24,10,0.3324,9,5,FALSE,FALSE,,2025-10-18
ACC 001283,TRUE,16,14,0.4653,10,2,FALSE,FALSE,,2026-07-05
ACC 001284,TRUE,21,19,0.6623,13,10,TRUE,FALSE,,2025-09-11
ACC-001285,TRUE,16,37,0.9127,9,10,TRUE,TRUE,Advanced integrations,2025-09-21
 ACC-001286 ,TRUE,23,39,0.9548,13,5,FALSE,FALSE,,2025-12-29
ACC 001287,TRUE,19,25,0.8804,22,7,FALSE,FALSE,,2025-09-09
ACC-001288,TRUE,8,31,0.6752,13,11,FALSE,FALSE,,2026-06-12
ACC-001289,TRUE,27,7,0.2105,11,0,FALSE,TRUE,CRM sync,2025-11-08
acc-001290,TRUE,11,12,0.8357,16,6,FALSE,FALSE,,2026-04-30
acc-001291,TRUE,12,35,0.7236,13,6,TRUE,FALSE,,2025-05-09
ACC-001293,TRUE,11,36,0.8303,17,10,FALSE,FALSE,,2025-06-19
ACC 001294,TRUE,9,15,0.7993,13,10,FALSE,FALSE,,2025-07-04
ACC-001295,TRUE,18,17,0.5291,4,16,FALSE,TRUE,Dynamic forms,2025-08-16
ACC-001296,TRUE,9,23,0.4767,17,4,TRUE,FALSE,,2026-03-18
ACC 001298,TRUE,23,15,0.4789,10,4,FALSE,TRUE,Beta checkout,2026-03-12
ACC 001299,TRUE,9,27,0.8546,16,7,TRUE,FALSE,,2025-11-06
 ACC-001300 ,TRUE,7,12,0.7084,12,9,FALSE,FALSE,,2025-09-08
ACC-001301,TRUE,1,16,0.7078,10,4,TRUE,FALSE,,2025-05-03
ACC 001302,TRUE,16,17,0.4876,11,1,FALSE,FALSE,,2026-01-30
ACC-001304,FALSE,48,4,0,6,0,TRUE,TRUE,AI page builder,2026-02-07
ACC-001305,TRUE,13,14,0.3951,4,1,FALSE,FALSE,,2025-09-17
ACC-001306,TRUE,10,28,0.7055,9,11,TRUE,FALSE,,2025-11-07
ACC 001307,TRUE,21,11,0.571,10,12,FALSE,FALSE,,2025-09-27
ACC-001309,TRUE,13,34,0.7515,19,8,FALSE,FALSE,,2026-02-25
ACC-001310,TRUE,25,5,0.0896,4,2,FALSE,TRUE,AI page builder,2025-10-11
 ACC-001311 ,TRUE,28,16,0.4198,7,6,FALSE,FALSE,,2026-03-12
ACC-001312,TRUE,5,13,0.6804,20,10,TRUE,FALSE,,2025-11-16
ACC 001313,TRUE,15,25,0.8081,16,5,FALSE,FALSE,,2025-10-12
ACC-001314,TRUE,17,26,0.5238,10,8,FALSE,FALSE,,2026-05-01
ACC 001315,TRUE,17,19,0.5193,16,8,FALSE,FALSE,,2026-04-08
ACC-001316,TRUE,10,23,0.8958,11,3,FALSE,FALSE,,2025-08-12
 ACC-001317 ,TRUE,1,27,0.5491,8,6,FALSE,FALSE,,2025-11-07
acc-001318,TRUE,10,16,0.4825,17,1,FALSE,FALSE,,2025-09-07
ACC-001319,FALSE,35,20,0.5985,12,6,FALSE,TRUE,Advanced integrations,2025-11-28
 ACC-001320 ,TRUE,22,26,0.5265,17,3,TRUE,TRUE,Dynamic forms,2026-08-16
ACC-001321,TRUE,8,19,0.6485,16,9,FALSE,FALSE,,2026-01-21
acc-001322,TRUE,14,16,0.531,15,10,TRUE,TRUE,Advanced integrations,2026-03-06
 ACC-001323 ,TRUE,9,25,0.8593,13,11,FALSE,FALSE,,2025-06-09
ACC-001324,TRUE,15,23,0.6243,14,5,FALSE,FALSE,,2026-02-05
ACC-001325,TRUE,10,21,0.7673,17,8,TRUE,FALSE,,2025-07-26
acc-001326,TRUE,16,24,0.6017,12,5,TRUE,FALSE,,2026-01-21
ACC-001327,TRUE,9,30,0.8015,18,6,FALSE,FALSE,,2026-06-07
 ACC-001328 ,TRUE,19,10,0.0659,8,11,FALSE,TRUE,CRM sync,2025-09-03
ACC-001329,TRUE,7,18,0.7755,16,6,FALSE,FALSE,,2025-06-20
ACC 001330,FALSE,28,21,0.7772,15,7,FALSE,FALSE,,2025-12-02
ACC 001331,TRUE,7,11,0.5086,10,5,FALSE,FALSE,,2025-06-06
 ACC-001332 ,TRUE,34,1,0.0868,1,0,FALSE,TRUE,,2026-01-08
acc-001333,TRUE,24,8,0.206,0,8,FALSE,TRUE,Dynamic forms,2025-12-25
ACC-001334,TRUE,10,36,0.803,13,13,FALSE,FALSE,,2026-05-08
ACC-001335,TRUE,32,18,0.3088,9,0,FALSE,FALSE,,2026-06-25
 ACC-001336 ,FALSE,36,11,0.6419,10,7,FALSE,FALSE,,2025-10-26
ACC-001337,TRUE,17,14,0.8197,13,10,FALSE,FALSE,,2025-07-13
ACC-001338,TRUE,25,1,0.1716,13,6,FALSE,TRUE,AI page builder,2025-05-15
ACC-001339,TRUE,20,25,0.7717,18,12,TRUE,TRUE,Advanced integrations,2025-05-19
ACC-001340,TRUE,24,19,0.7258,17,4,FALSE,FALSE,,2026-01-19
ACC 001341,TRUE,22,25,0.6753,12,13,FALSE,TRUE,Advanced integrations,2025-07-27
ACC 001342,TRUE,5,9,0.7052,18,8,FALSE,FALSE,,2025-11-10
acc-001343,TRUE,1,25,0.9408,19,9,FALSE,FALSE,,2026-01-21
ACC 001344,TRUE,19,16,0.5652,14,6,TRUE,TRUE,Dynamic forms,2025-12-13
 ACC-001346 ,TRUE,10,28,0.7414,8,12,FALSE,FALSE,,2026-02-10
ACC-001347,FALSE,27,24,0.4871,14,6,TRUE,TRUE,CRM sync,2025-09-14
ACC-001348,FALSE,27,41,0.8979,17,11,FALSE,FALSE,,2026-01-06
ACC-001349,TRUE,12,15,0.5335,11,10,FALSE,FALSE,,2025-08-18
acc-001351,TRUE,15,29,0.7073,15,4,FALSE,FALSE,,2026-02-12
 ACC-001352 ,TRUE,24,11,0.2305,2,7,FALSE,TRUE,Beta checkout,2025-10-23
 ACC-001353 ,TRUE,19,22,0.7169,7,12,TRUE,FALSE,,2025-04-18
acc-001354,TRUE,30,7,0.1943,2,5,FALSE,TRUE,Beta checkout,2025-11-01
ACC-001355,TRUE,26,11,0.1883,8,1,FALSE,FALSE,,2025-08-01
ACC-001356,TRUE,15,24,1,14,10,TRUE,FALSE,,2025-11-06
acc-001357,TRUE,3,15,0.8114,17,7,FALSE,FALSE,,2025-08-16
acc-001358,TRUE,24,9,0,4,4,FALSE,TRUE,AI page builder,2026-01-15
 ACC-001359 ,TRUE,13,23,0.5486,9,4,FALSE,TRUE,AI page builder,2026-03-12
acc-001360,TRUE,21,28,0.9087,14,8,FALSE,FALSE,,2025-11-07
ACC 001361,TRUE,11,26,0.5169,11,7,FALSE,FALSE,,2025-04-30
ACC-001362,TRUE,16,25,0.7377,14,8,FALSE,FALSE,,2025-11-10
ACC-001363,TRUE,6,16,0.8163,13,12,FALSE,FALSE,,2026-01-05
acc-001364,TRUE,7,25,0.7358,16,8,FALSE,FALSE,,2025-08-30
ACC-001365,TRUE,24,1,0,3,0,TRUE,TRUE,AI page builder,2025-12-05
acc-001366,TRUE,21,29,0.8607,16,11,FALSE,FALSE,,2026-04-25
ACC-001367,TRUE,30,2,0.1964,8,1,FALSE,FALSE,,2026-01-17
 ACC-001369 ,TRUE,23,8,0.2248,11,0,TRUE,FALSE,,2025-08-14
ACC-001370,TRUE,19,13,0.7063,10,11,TRUE,FALSE,,2025-10-15
 ACC-001371 ,FALSE,34,6,0.4215,11,6,FALSE,TRUE,CRM sync,2025-08-20
ACC 001372,TRUE,16,36,0.861,23,9,FALSE,FALSE,,2025-06-03
ACC-001373,FALSE,35,26,1,18,7,FALSE,FALSE,,2025-07-28
ACC-001374,TRUE,25,12,0.3838,4,8,TRUE,TRUE,Dynamic forms,2025-06-16
ACC 001375,TRUE,24,12,0.6059,11,4,FALSE,FALSE,,2025-11-24
ACC-001377,FALSE,32,16,0.356,16,3,FALSE,FALSE,,2025-10-18
ACC 001378,TRUE,22,28,0.7997,4,6,FALSE,FALSE,,2025-05-25
ACC-001379,FALSE,14,31,0.9188,16,12,FALSE,FALSE,,2025-06-23
ACC 001380,TRUE,15,19,0.512,15,10,FALSE,FALSE,,2025-06-28
acc-001381,TRUE,33,15,0.562,13,5,FALSE,TRUE,Beta checkout,2026-05-11
ACC-001382,TRUE,19,29,0.7784,18,7,TRUE,FALSE,,2025-11-07
ACC 001383,TRUE,3,25,0.4973,13,4,TRUE,FALSE,,2025-07-03
ACC 001384,TRUE,10,25,0.5213,10,9,TRUE,FALSE,,2025-12-07
ACC 001385,TRUE,16,6,0.736,21,9,TRUE,TRUE,AI page builder,2026-02-16
ACC 001386,FALSE,35,21,0.5816,18,4,TRUE,TRUE,CRM sync,2026-04-16
 ACC-001387 ,TRUE,10,22,0.6937,12,12,FALSE,FALSE,,2025-11-05
ACC-001388,FALSE,33,29,0.7441,8,10,TRUE,FALSE,,2026-03-03
acc-001389,TRUE,16,15,0.3434,11,6,FALSE,TRUE,AI page builder,2026-03-26
ACC-001390,TRUE,1,34,0.6987,20,7,TRUE,FALSE,,2025-05-19
ACC-001391,TRUE,13,27,0.597,0,8,FALSE,FALSE,,2025-08-27
ACC-001392,TRUE,11,19,0.7343,14,6,FALSE,FALSE,,2026-05-27
ACC 001393,TRUE,1,13,0.6041,10,0,FALSE,FALSE,,2025-04-24
ACC 001394,TRUE,26,47,0.984,19,8,FALSE,FALSE,,2026-02-11
ACC 001396,TRUE,14,2,0.3803,6,5,FALSE,FALSE,,2026-04-23
 ACC-001397 ,FALSE,40,27,0.8794,21,9,FALSE,TRUE,CRM sync,2025-11-07
ACC 001398,TRUE,15,29,0.9809,20,14,TRUE,FALSE,,2025-11-26
ACC-001399,TRUE,6,8,0,0,1,TRUE,FALSE,,2026-04-19
acc-001401,TRUE,7,41,0.6327,12,9,FALSE,FALSE,,2025-07-21
ACC-001402,TRUE,14,16,0.4267,6,6,FALSE,FALSE,,2025-09-30
ACC-001403,TRUE,23,0,0,0,0,TRUE,TRUE,Advanced integrations,2025-05-14
ACC 001404,TRUE,17,28,0.727,13,7,FALSE,FALSE,,2026-05-08
ACC 001405,TRUE,11,14,0.6434,12,5,FALSE,FALSE,,2025-08-10
ACC-001406,TRUE,8,13,0.6647,17,5,FALSE,FALSE,,2025-10-09
ACC 001407,TRUE,16,27,0.9551,18,12,TRUE,FALSE,,2025-09-05
ACC-001408,TRUE,24,15,0.5375,5,4,FALSE,TRUE,Dynamic forms,2025-12-10
ACC-001409,TRUE,25,29,1,19,12,FALSE,FALSE,,2026-03-12
acc-001410,TRUE,19,18,0.7067,13,13,FALSE,FALSE,,2025-08-27
ACC-001411,TRUE,15,21,0.5386,9,8,FALSE,FALSE,,2025-11-15
ACC 001412,TRUE,8,29,0.9497,14,12,TRUE,FALSE,,2026-07-22
 ACC-001413 ,TRUE,21,25,0.5557,16,11,FALSE,FALSE,,2026-07-08
acc-001415,TRUE,17,17,0.7565,20,10,FALSE,FALSE,,2025-09-04
ACC-001416,TRUE,12,31,0.4412,10,15,TRUE,FALSE,,2025-12-19
 ACC-001417 ,TRUE,22,6,0.1811,6,6,FALSE,TRUE,Beta checkout,2025-10-11
ACC 001419,TRUE,12,17,0.495,7,6,FALSE,FALSE,,2025-11-19
ACC-001421,TRUE,14,28,0.4145,9,9,FALSE,FALSE,,2025-10-26
ACC-001422,TRUE,27,18,0.2817,9,3,FALSE,TRUE,Dynamic forms,2025-03-11
acc-001423,TRUE,3,39,0.8841,25,5,TRUE,FALSE,,2025-05-03
 ACC-001424 ,FALSE,38,5,0.2419,2,1,FALSE,TRUE,Dynamic forms,2025-11-22
ACC 001425,TRUE,17,21,0.5635,6,6,TRUE,FALSE,,2026-03-23
ACC-001426,TRUE,15,24,0.7643,8,8,FALSE,FALSE,,2025-06-27
ACC-001427,TRUE,22,25,0.707,15,10,FALSE,FALSE,,2026-07-28
ACC-001428,TRUE,18,34,0.6221,10,10,FALSE,FALSE,,2025-12-27
acc-001429,TRUE,21,23,0.6464,9,2,TRUE,FALSE,,2026-03-23
ACC-001430,TRUE,17,12,0.2652,3,1,FALSE,TRUE,Dynamic forms,2026-02-02
ACC-001431,TRUE,18,14,0.4172,9,6,TRUE,TRUE,AI page builder,2025-11-03
ACC-001432,TRUE,11,27,0.6715,11,10,FALSE,FALSE,,2025-05-06
ACC-001434,TRUE,25,17,0.5504,1,6,TRUE,FALSE,,2025-10-29
ACC 001435,TRUE,9,14,0.7307,16,11,FALSE,FALSE,,2025-10-04
ACC 001436,FALSE,32,14,0.4243,14,2,FALSE,FALSE,,2026-02-21
ACC-001437,FALSE,25,24,0.6276,8,11,FALSE,FALSE,,2025-02-10
ACC 001438,TRUE,6,20,0.4776,6,5,FALSE,FALSE,,2025-07-24
ACC 001440,TRUE,24,17,0.4643,9,5,TRUE,FALSE,,2026-03-01
ACC-001441,TRUE,16,27,0.793,12,2,FALSE,FALSE,,2025-05-27
 ACC-001442 ,TRUE,8,18,0.9863,18,12,FALSE,FALSE,,2025-08-10
ACC 001443,TRUE,13,9,0.4809,4,8,FALSE,FALSE,,2026-01-30
ACC-001444,TRUE,17,26,0.8811,19,4,FALSE,FALSE,,2025-08-25
ACC-001446,TRUE,32,13,0.2688,13,2,TRUE,TRUE,Dynamic forms,2025-08-11
ACC-001447,TRUE,1,32,1,17,10,FALSE,FALSE,,2025-11-27
ACC-001448,TRUE,20,20,0.3979,11,5,FALSE,TRUE,Beta checkout,2025-09-04
acc-001449,FALSE,41,24,0.5077,9,3,TRUE,TRUE,CRM sync,2025-09-29
ACC 001450,TRUE,3,16,0.6298,17,7,FALSE,FALSE,,2025-06-10
ACC 001452,TRUE,20,16,0.3536,6,10,FALSE,TRUE,AI page builder,2025-12-01
 ACC-001453 ,TRUE,19,23,0.7066,16,11,FALSE,FALSE,,2025-11-11
acc-001454,TRUE,3,6,0.6099,14,5,FALSE,FALSE,,2026-02-13
ACC 001455,TRUE,20,25,0.7137,6,7,TRUE,TRUE,CRM sync,2026-05-06
ACC 001457,TRUE,14,9,0.5325,11,10,FALSE,TRUE,AI page builder,2025-12-19
ACC-001458,TRUE,18,26,0.9472,23,9,TRUE,FALSE,,2025-09-16
acc-001459,TRUE,1,19,0.5545,10,4,TRUE,FALSE,,2026-02-06
acc-001460,TRUE,20,28,0.7824,23,9,FALSE,FALSE,,2026-01-29
ACC-001461,TRUE,13,34,1,20,11,FALSE,FALSE,,2025-04-30
ACC-001462,TRUE,14,22,0.7251,10,2,TRUE,FALSE,,2025-11-18
ACC-001463,FALSE,37,23,0.5322,11,5,FALSE,TRUE,CRM sync,2025-08-23
acc-001464,TRUE,12,32,1,22,9,FALSE,FALSE,,2025-06-26
ACC-001465,TRUE,15,22,0.5012,9,6,FALSE,FALSE,,2026-01-16
acc-001466,FALSE,32,34,0.8513,20,10,FALSE,FALSE,,2026-03-02
ACC-001467,TRUE,17,29,0.9213,14,9,FALSE,FALSE,,2026-06-19
ACC 001469,TRUE,23,29,0.6342,15,7,TRUE,FALSE,,2025-11-20
 ACC-001470 ,TRUE,21,11,0.285,0,6,FALSE,FALSE,,2025-12-12
acc-001471,FALSE,42,17,0.4753,11,9,FALSE,TRUE,CRM sync,2025-05-01
 ACC-001472 ,TRUE,17,16,0.3946,6,5,FALSE,TRUE,Dynamic forms,2025-12-23
 ACC-001473 ,TRUE,34,12,0.3637,3,4,FALSE,TRUE,CRM sync,2025-04-27
ACC 001474,TRUE,11,35,1,18,10,FALSE,FALSE,,2025-12-05
ACC 001475,TRUE,11,26,0.4849,10,5,FALSE,FALSE,,2026-04-02
 ACC-001476 ,TRUE,18,19,0.678,8,16,TRUE,TRUE,AI page builder,2025-08-23
ACC-001477,TRUE,20,32,0.9632,20,9,FALSE,FALSE,,2026-04-07
 ACC-001478 ,TRUE,7,19,0.8282,11,8,FALSE,FALSE,,2025-04-25
 ACC-001479 ,TRUE,10,12,0.4717,5,10,FALSE,FALSE,,2026-02-12
ACC 001480,TRUE,8,23,1,21,9,FALSE,FALSE,,2026-08-01
ACC-001482,TRUE,29,16,0.6768,10,11,FALSE,FALSE,,2026-01-22
ACC-001483,FALSE,28,22,0.6984,14,9,FALSE,FALSE,,2025-05-16
ACC-001484,TRUE,32,20,0.3173,10,10,FALSE,TRUE,Dynamic forms,2025-12-18
acc-001485,TRUE,8,17,0.39,13,5,TRUE,FALSE,,2025-07-12
 ACC-001487 ,FALSE,44,17,0.5073,6,2,FALSE,FALSE,,2025-06-10
ACC 001488,FALSE,47,35,0.6008,18,10,FALSE,TRUE,Beta checkout,2026-02-24
ACC-001489,TRUE,18,16,0.3226,9,5,FALSE,FALSE,,2026-07-07
ACC-001490,TRUE,9,17,0.7517,12,12,FALSE,FALSE,,2025-10-09
ACC-001491,TRUE,22,33,0.6475,24,8,FALSE,TRUE,Beta checkout,2025-07-24
ACC-001492,TRUE,12,25,0.9098,21,10,FALSE,FALSE,,2026-04-21
 ACC-001494 ,TRUE,6,25,0.6739,19,11,FALSE,FALSE,,2025-12-10
acc-001495,TRUE,21,8,0.275,5,4,TRUE,TRUE,Dynamic forms,2026-01-13
 ACC-001496 ,TRUE,17,15,0.4006,8,2,FALSE,FALSE,,2025-12-05
ACC-001497,TRUE,27,18,0.3312,4,6,FALSE,TRUE,Dynamic forms,2025-11-11
ACC 001498,TRUE,10,35,0.8993,29,11,FALSE,FALSE,,2025-11-03
ACC 001499,TRUE,20,23,0.2407,9,3,TRUE,FALSE,,2025-12-05
ACC-001500,TRUE,19,37,0.7956,12,9,FALSE,FALSE,,2025-11-19
